maxArrayPanelsCount,maxArrayAreaMeters2,numSegments,maxSunshineHoursPerYear,totSunshineHoursPerYear,areaMeters2,groundAreaMeters2,maxYearlyEnergyDcKwh,numTreePointsInFootprint,footprinAreaMeters2,longitude,latitude
30,58.906664,2,1130.331961,390779.9633,94.107083,90.322003,11007.35889,2.176857,172.726072,-84.37349,33.781549
0,0,1,0,0,0,0,0,4.343554,229.765765,-84.373481,33.781317
174,341.658763,4,1450.960102,2.4777e+6,432.548627,421.811686,79310.08213,1.338616,567.003723,-84.373303,33.781408
177,347.548978,2,1521.436833,3.0333e+6,416.081556,410.703971,97677.28098,0.718613,526.012952,-84.372991,33.781413
96,188.501162,2,1520.638618,1.2554e+6,214.42811,208.674441,50180.67482,0.236082,237.205698,-84.380291,33.781639
42,82.46934,2,1316.891555,501690.8465,101.535919,100.17234,18273.03349,1.119569,139.339305,-84.380136,33.781637
76,149.229867,5,1302.270153,987473.908,194.251261,187.34697,31792.45537,2.174379,328.829491,-84.379951,33.781535
40,78.542232,1,1261.704405,494836.6905,97.365164,96.983251,16848.42669,1.023354,124.101669,-84.380029,33.781636
96,188.501147,9,1534.450564,1.7548e+6,295.214918,281.009247,51763.26557,0.179476,362.164585,-84.376648,33.781491
52,102.10484,10,1456.325486,793202.085,187.268186,157.903528,24408.26403,0.485211,208.156917,-84.378812,33.780769
0,0,1,0,0,0,0,0,4.393308,162.064676,-84.378635,33.781472
93,182.610623,4,1240.966109,1.2602e+6,253.236374,242.487013,40623.7888,0.226924,277.625679,-84.378632,33.780268
34,66.760834,7,1450.515346,684398.6519,154.448062,130.777533,16613.3578,1.155034,183.544453,-84.378652,33.780781
94,184.574401,6,1263.834051,1.2278e+6,272.489393,260.246183,40999.39572,1.420846,401.87316,-84.378552,33.779814
63,123.70393,8,1489.146931,1.1179e+6,239.939077,211.392942,26793.75687,0.333638,239.780729,-84.378472,33.781521
93,182.610544,2,1297.311757,1.3745e+6,266.751087,254.405577,40515.06422,0.147839,290.857724,-84.378514,33.780271
65,127.631296,11,1502.602286,1.0791e+6,254.428005,219.565781,27676.9587,0.353808,260.028182,-84.378484,33.780806
0,0,1,0,0,0,0,0,3.384677,165.156076,-84.378321,33.780324
0,0,1,0,0,0,0,0,4.016515,243.743614,-84.378332,33.779725
244,479.107231,10,1503.573571,4.8563e+6,745.887088,726.089528,123813.9572,0.158025,778.358512,-84.378229,33.781428
62,121.740457,8,1448.564247,1.0341e+6,201.060627,178.22008,28848.3318,0.44182,228.599877,-84.378332,33.780817
0,0,1,0,0,0,0,0,4.333692,156.448574,-84.378155,33.78032
22,43.198181,6,1132.020431,297155.9309,109.889225,82.894128,6969.604338,3.190659,228.166054,-84.378156,33.779717
94,184.574083,4,1403.13916,1.6292e+6,274.981214,263.868384,46279.66247,0.505273,302.806694,-84.378172,33.78092
104,204.209635,11,1512.372714,1.318e+6,299.905604,252.152573,44434.57364,0.545201,300.806314,-84.377955,33.781526
0,0,1,0,0,0,0,0,3.387722,200.429675,-84.377996,33.780322
73,143.339539,7,1325.262535,914495.7072,242.859523,207.531258,27353.57592,0.749723,257.428397,-84.377999,33.779721
52,102.104913,2,1357.308706,969213.2083,161.53074,154.149654,24261.17263,1.953292,293.862868,-84.377943,33.780917
48,94.250644,4,1471.503078,523911.5005,135.885217,120.807003,17506.24632,1.531678,212.838485,-84.377793,33.781542
0,0,1,0,0,0,0,0,3.086425,280.907546,-84.377812,33.780321
93,182.610462,4,1456.227922,1.1532e+6,199.152547,183.610281,47495.18948,0.812139,300.441002,-84.377788,33.780822
163,320.059437,4,1464.618699,2.1203e+6,369.347157,361.089605,78259.6163,1.129667,493.065647,-84.377531,33.781428
32,62.833783,4,1483.471255,450420.1778,82.294892,78.378911,15845.32491,0.858166,149.155316,-84.377512,33.780792
0,0,1,0,0,0,0,0,2.697727,216.849225,-84.377508,33.780301
39,76.578737,6,1519.540974,462967.6086,124.106924,95.654205,17336.59196,1.402603,181.09189,-84.377365,33.781511
0,0,1,0,0,0,0,0,3.613359,248.798968,-84.377337,33.780297
14,27.489741,5,1063.304474,156062.5392,51.309168,45.287933,4699.715355,1.922414,129.524639,-84.377194,33.781077
81,159.047999,9,1504.8974,1.3241e+6,254.899604,227.163864,39594.24013,0.913975,312.918856,-84.37721,33.781497
53,104.068513,5,1289.292725,739292.5022,197.238815,169.824651,19682.62863,0.818365,234.614153,-84.377186,33.780835
0,0,1,0,0,0,0,0,3.578671,213.487091,-84.377165,33.78031
10,19.635574,3,1286.398719,221528.0659,44.639919,40.418784,4391.579644,0.792268,59.323334,-84.376992,33.781261
47,92.287039,6,1360.612408,744021.0585,189.354904,169.384311,18939.13156,0.466989,199.148284,-84.377028,33.779706
64,125.667554,8,1375.96876,955737.4972,232.039724,186.99152,25175.6597,1.041484,234.281108,-84.377041,33.780819
80,157.084414,5,1429.768213,1.02e+6,239.021768,227.411785,33953.43783,0.28893,263.03969,-84.376934,33.779272
57,111.922606,6,1404.336378,736166.6645,158.709293,144.156571,25248.94391,0.839364,173.941176,-84.377008,33.780311
0,0,1,0,0,0,0,0,3.121785,231.277908,-84.376861,33.781521
35,68.724429,7,1488.273326,585713.6439,129.287415,111.980588,16943.02645,0.854755,140.391117,-84.376845,33.780322
38,74.615083,2,1208.978929,429705.5612,104.163776,97.21686,15751.43326,1.668365,160.03696,-84.376945,33.778102
0,0,1,0,0,0,0,0,5.007675,22.765056,-84.377946,33.78001
20,39.271118,4,1310.735374,225976.6431,64.220002,53.950581,8103.729372,1.540313,105.822616,-84.376855,33.779707
23,45.161662,4,1379.15073,361838.2809,86.18842,75.142591,11613.18895,1.13546,106.564734,-84.376875,33.781258
74,145.30318,12,1540.437513,1.1375e+6,316.350254,243.039169,33836.2197,0.556597,276.681541,-84.37668,33.780313
34,66.760904,7,1323.16167,527679.7461,129.130669,114.318271,14566.15211,0.732841,171.933678,-84.376494,33.779705
150,294.533348,1,1370.96006,2.0127e+6,336.551517,336.268397,70876.62567,0.555803,365.237431,-84.376584,33.780809
89,174.756394,7,1513.649571,1.1378e+6,296.504786,226.072687,40852.20024,0.412779,261.641521,-84.376508,33.780325
88,172.792784,6,1520.318032,982509.3467,230.870991,198.994281,39588.91933,0.217619,220.569289,-84.37634,33.779737
134,263.116362,11,1474.719747,1.5223e+6,321.767509,264.30952,55415.16658,1.009515,373.446794,-84.376336,33.78026
105,206.173311,6,1370.356493,1.276e+6,244.762728,216.330534,46044.14336,0.705947,273.391575,-84.376337,33.780816
121,237.590128,13,1469.113966,1.7208e+6,368.467588,296.895407,50429.37448,0.166663,324.006183,-84.376494,33.781496
62,121.74039,8,1534.34326,1.1642e+6,227.8341,185.453241,32267.32841,0.182921,207.739879,-84.37616,33.779737
69,135.485428,13,1548.355376,1.153e+6,276.090991,221.926751,32468.23818,0.478947,252.637762,-84.376178,33.780313
93,182.610633,5,1417.487967,1.387e+6,306.450338,284.159381,40903.96935,0.569,344.46402,-84.376116,33.779218
76,149.230179,9,1517.295373,1.2146e+6,262.935851,222.041722,36983.33392,0.185174,248.415255,-84.376005,33.779742
144,282.751788,11,1517.258816,1.7668e+6,466.728041,361.450265,56247.29953,0.593133,411.375015,-84.376233,33.781494
93,182.610616,2,1446.988372,1.4926e+6,232.160084,225.970018,47605.93407,0.12629,245.466122,-84.376016,33.780314
43,84.43289,6,1465.024174,792544.8169,157.406493,138.18225,19910.91284,0.199535,160.372665,-84.375826,33.77972
0,0,1,0,0,0,0,0,3.835924,168.668609,-84.375874,33.779305
79,155.120792,13,1473.854458,1.201e+6,276.739158,200.444421,36774.75437,0.632937,252.789602,-84.375842,33.780328
23,45.161759,4,1242.16825,272841.8936,87.387921,75.252454,7491.964003,1.311394,106.75659,-84.375846,33.780801
0,0,1,0,0,0,0,0,3.700528,133.76468,-84.375724,33.779278
19,37.307584,5,1331.09733,206627.6079,81.346898,57.973763,6315.139976,1.479851,116.227949,-84.37599,33.778064
57,111.922678,9,1444.916849,1.0041e+6,201.987646,181.153847,27026.39466,0.244999,208.16377,-84.375696,33.77973
51,100.141258,5,1260.57718,661453.9082,149.849251,131.937713,20510.07713,1.668086,258.979498,-84.375682,33.780322
0,0,1,0,0,0,0,0,3.040195,13.157051,-84.375534,33.781253
56,109.959144,3,1363.692234,770501.2627,160.226644,136.559542,24105.62232,0.618722,161.623372,-84.375682,33.781524
28,54.979478,5,1225.71508,496337.1327,126.41942,114.72076,9995.084005,1.577343,249.153147,-84.375522,33.78032
31,60.870281,6,1471.93581,631466.1004,130.797227,118.700405,14635.22009,0.086231,162.355048,-84.375524,33.779726
422,828.619922,17,1514.727962,6.2979e+6,1023.38562,937.26084,220388.7345,0.184641,1039.855787,-84.375346,33.781461
68,133.521798,6,1367.221649,935100.6,194.84634,170.323596,29405.12248,1.370783,267.730151,-84.375356,33.780823
0,0,1,0,0,0,0,0,3.614109,307.683063,-84.375348,33.780293
29,56.943046,7,1222.069857,422601.3484,118.400037,107.23409,10669.58119,0.710814,168.820533,-84.375207,33.779721
40,78.542189,8,1426.704204,838355.4132,178.23605,164.912524,18091.67682,0.526232,201.432136,-84.375193,33.780818
44,86.396354,4,1396.850059,582778.6304,143.220245,130.820747,18489.7543,0.862261,193.676767,-84.37507,33.779292
38,74.615185,4,1213.538967,468049.515,134.908181,123.962356,14089.80455,2.472998,209.866734,-84.3752,33.780323
74,145.302958,6,1514.888616,1.4754e+6,245.616988,225.389138,36568.6485,0.089806,256.107165,-84.375026,33.781517
29,56.943186,9,1393.299002,566749.4338,148.317125,132.73257,11761.88716,1.629686,236.855427,-84.375004,33.780822
0,0,1,0,0,0,0,0,3.093281,211.749256,-84.375008,33.780313
0,0,1,0,0,0,0,0,2.368167,119.079433,-84.375025,33.778616
19,37.30754,4,1216.243799,320313.4854,83.294924,77.158697,7539.568572,1.675216,164.754913,-84.375034,33.7797
39,76.578765,10,1473.233567,694518.0329,167.015545,133.350115,17957.97837,0.968824,229.143889,-84.374862,33.781507
0,0,1,0,0,0,0,0,3.490302,176.775513,-84.374785,33.778171
46,90.323542,5,1332.897933,688732.16,175.758667,160.271932,19394.07953,0.208166,182.546787,-84.374909,33.779288
36,70.687997,6,1396.980684,562355.5843,151.661535,136.07199,14931.00186,0.217279,151.878435,-84.374861,33.778655
36,70.687964,11,1380.279504,670982.6141,191.127167,160.068835,14789.10029,0.724823,195.910005,-84.374865,33.779728
38,74.615178,9,1378.848188,570462.7928,153.828908,122.201019,15356.31119,1.472043,241.840759,-84.37486,33.78083
55,107.995489,4,1266.077792,561739.5599,151.726281,135.294738,22092.11204,1.099909,201.834821,-84.374743,33.779265
56,109.959103,7,1349.407659,771648.2126,194.485053,170.479253,23540.04118,1.718196,285.764789,-84.374845,33.780297
81,159.048003,1,1351.754408,1.1981e+6,187.87426,187.757358,40061.58167,0.071003,211.257959,-84.374763,33.781291
0,0,1,0,0,0,0,0,4.171664,207.111611,-84.374647,33.778221
16,31.416931,4,1188.162703,309020.5434,75.561889,71.041093,6106.602187,2.209642,160.206915,-84.374706,33.780816
37,72.651607,6,1370.530363,778191.2905,162.366025,148.796357,15790.10755,1.352877,206.227107,-84.3747,33.780328
32,62.833818,6,1347.850608,556662.4875,141.211696,127.08527,13683.10446,0.693596,161.477301,-84.374661,33.778712
39,76.578731,5,1249.106452,616887.6183,153.805014,144.595598,15337.33479,1.097173,215.098353,-84.374702,33.779719
0,0,1,0,0,0,0,0,4.202655,213.674439,-84.374528,33.78151
0,0,1,0,0,0,0,0,3.072664,179.974105,-84.374585,33.779282
0,0,1,0,0,0,0,0,4.209628,198.829904,-84.37452,33.780803
0,0,1,0,0,0,0,0,3.148171,162.951733,-84.374493,33.778276
0,0,1,0,0,0,0,0,2.863852,284.232544,-84.374535,33.780307
78,153.157313,6,1459.846859,958120.3899,238.103061,188.008087,33893.56812,0.174807,205.941702,-84.37451,33.778752
55,107.99542,6,1336.589595,440799.1311,154.99173,110.86337,18611.91035,1.583459,207.773026,-84.374538,33.779731
47,92.286963,9,1416.401263,968654.6732,194.997626,176.497716,19687.95296,0.465666,212.598916,-84.374368,33.781508
40,78.54227,6,1230.405788,500320.7166,135.013634,116.223184,13835.08065,1.444495,165.455756,-84.374417,33.77928
6,11.781327,4,1313.935787,180827.5714,38.654169,35.073969,2467.102772,3.528536,208.585104,-84.374361,33.780809
0,0,1,0,0,0,0,0,4.514979,288.816395,-84.374366,33.780195
50,98.177779,5,1333.848941,737934.3504,158.355033,144.089751,20732.82555,0.563808,175.591796,-84.374378,33.779735
12,23.56264,3,982.949018,174242.0619,54.604906,50.696058,3779.907364,2.990282,206.335037,-84.374335,33.778266
32,62.833764,4,1168.936667,417125.884,110.187061,96.695015,11324.89348,2.190278,169.384872,-84.374251,33.779287
44,86.396462,4,1492.721626,738702.0093,142.478424,129.437446,21143.83227,0.013726,145.711118,-84.374318,33.778755
0,0,1,0,0,0,0,0,3.222357,251.058493,-84.37418,33.781509
51,100.141284,8,1386.467645,898021.5957,201.663189,183.941577,19953.07123,0.464226,211.10387,-84.37418,33.780327
0,0,1,0,0,0,0,0,3.355186,191.941679,-84.374193,33.779722
0,0,1,0,0,0,0,0,4.742759,149.491035,-84.374152,33.778292
45,88.359973,4,1239.011184,640994.4197,157.026296,137.814126,18044.22168,0.38253,159.464713,-84.374071,33.77929
47,92.28712,2,1340.118601,679601.1436,113.400065,111.387735,23686.05714,0.048127,124.670172,-84.374154,33.778747
0,0,1,0,0,0,0,0,0.952251,45.15618,-84.373862,33.779094
0,0,1,0,0,0,0,0,3.796895,167.768663,-84.373937,33.779712
44,86.396209,10,1390.589551,754451.1685,187.287818,153.893632,17033.60641,0.351143,176.566414,-84.373906,33.781534
37,72.65143,4,1419.962745,429494.5023,105.511702,82.797934,15203.30886,1.520489,188.755095,-84.373936,33.780328
44,86.396335,4,1118.518804,537635.3946,145.156078,132.950964,15481.00456,0.731131,155.922843,-84.374,33.778748
92,180.647077,8,1479.731306,1.2767e+6,248.99883,200.581161,42726.92465,0.254988,219.617776,-84.373951,33.780806
52,102.104843,5,1302.288853,709918.9022,167.114468,156.801585,19851.44078,0.854936,192.996843,-84.373747,33.779276
59,115.849705,5,1420.670535,838186.6203,175.409859,162.390846,25635.97327,0.608124,180.884068,-84.373777,33.779708
0,0,1,0,0,0,0,0,3.077529,192.362105,-84.373838,33.778744
45,88.359946,7,1421.885429,891350.2513,175.846746,160.534292,20129.27301,0.440265,188.522897,-84.373801,33.780803
67,131.558224,8,1244.863794,782631.6721,178.504764,173.845911,26242.62636,1.924404,431.822046,-84.373703,33.781424
57,111.922521,4,1474.681969,976477.6705,177.145678,162.301003,26929.24482,0.094007,180.838314,-84.373752,33.780328
43,84.43277,4,1318.867256,710738.0327,152.678385,142.853228,18798.89299,0.45415,169.547377,-84.37363,33.779708
31,60.870103,8,1242.881599,522757.898,136.901015,128.628219,11313.19225,2.206701,246.068659,-84.373594,33.779258
75,147.266805,11,1513.930912,995565.7701,242.872089,190.98135,33390.1566,0.356861,212.968095,-84.373618,33.780318
0,0,1,0,0,0,0,0,3.779905,208.206276,-84.373678,33.778748
36,70.687871,5,1351.117342,608971.9005,135.233938,123.998078,15703.77955,0.659142,160.81505,-84.373478,33.779707
28,54.979581,5,1277.125087,470547.1184,133.153355,119.546486,9804.274935,1.051341,165.502891,-84.373419,33.779297
45,88.359939,9,1466.344669,894977.971,171.59416,156.967442,19674.5025,0.818777,200.298656,-84.373516,33.780803
87,170.829116,5,1421.646965,1.2775e+6,240.377553,215.261235,42702.56789,0.15326,241.420385,-84.373471,33.780305
0,0,1,0,0,0,0,0,4.102971,222.034223,-84.37351,33.77876
48,94.250517,6,1525.5992,816290.2722,158.900757,143.768942,24386.78376,1.230202,197.528603,-84.373342,33.780801
56,109.959193,9,1497.558138,1.1072e+6,211.615007,191.462715,25587.60093,0.07577,211.164184,-84.373333,33.780332
56,109.958954,5,1405.921464,809865.8817,192.267377,173.544774,23213.14054,0.342874,204.156902,-84.373338,33.779683
15,29.453379,9,1445.75004,436098.7555,100.720689,83.634241,6506.641805,1.40382,169.537409,-84.373192,33.780804
52,102.104833,9,1460.066783,1.0897e+6,201.597863,185.368882,24455.04312,0.186317,203.953556,-84.373167,33.780336
66,129.594597,4,1362.0234,792312.1266,159.800801,156.666475,28676.03535,1.81264,220.120922,-84.373174,33.779691
63,123.703923,6,1492.429865,1.2317e+6,203.277361,181.365879,32484.17492,0.164981,212.145847,-84.37301,33.78032
0,0,1,0,0,0,0,0,4.207047,180.886965,-84.373022,33.779677
0,0,1,0,0,0,0,0,3.221847,244.58019,-84.375392,33.779231
0,0,1,0,0,0,0,0,4.504257,179.607852,-84.375543,33.779297
29,56.943141,3,1323.640297,390183.1835,108.167436,96.885362,10523.28446,2.235838,186.95452,-84.373735,33.777961
55,107.995545,6,1361.13892,583495.0321,167.033747,143.989956,22889.14223,1.25029,227.947046,-84.373099,33.777964
0,0,1,0,0,0,0,0,0.596559,28.496778,-84.37718,33.777948
34,66.76088,7,1472.195273,509379.1288,137.210522,111.158153,15831.59261,1.477761,192.859306,-84.378198,33.777978
0,0,1,0,0,0,0,0,4.172906,53.679621,-84.378021,33.777901
39,76.578596,6,1547.656907,755334.593,159.816896,146.319485,18664.46914,0.642115,197.783878,-84.378813,33.778047
0,0,1,0,0,0,0,0,3.337267,200.463463,-84.37496,33.777964
46,90.323549,5,1328.502174,543905.2,162.032513,147.335102,15874.06665,1.531617,210.888216,-84.373114,33.778106
35,68.724455,5,1259.984817,403691.3963,115.832718,103.697498,12969.03653,1.591446,179.710778,-84.377406,33.778087
0,0,1,0,0,0,0,0,3.003234,220.096087,-84.374894,33.778083
39,76.578685,7,1223.450279,702691.8351,192.364355,173.172805,14864.7838,0.624489,203.36641,-84.373726,33.778099
58,113.886196,7,1521.27917,920348.9528,188.217636,176.229756,27782.86589,0.366403,215.60964,-84.377401,33.778205
160,314.168766,4,1418.533328,1.8412e+6,426.076834,412.393205,68135.51821,0.686191,482.372756,-84.373149,33.778297
90,176.719986,7,1523.945358,1.2224e+6,251.228116,228.040235,47158.18382,0.663844,314.833033,-84.37882,33.778292
38,74.615112,3,1236.609799,453691.6006,107.194634,104.738258,15885.04735,1.39216,145.098213,-84.37375,33.778364
0,0,1,0,0,0,0,0,3.955833,198.693905,-84.378187,33.77829
74,145.303063,10,1540.767077,1.288e+6,287.80845,245.603821,34319.74805,0.194609,277.47996,-84.377378,33.778327
56,109.959095,4,1247.657867,736804.4696,163.88301,146.848342,23304.49548,0.60312,184.043092,-84.373556,33.778337
0,0,1,0,0,0,0,0,3.707024,143.781094,-84.375569,33.778241
25,49.088832,4,1402.181692,313617.3808,86.420988,73.423096,11556.58158,0.683075,172.74812,-84.378775,33.778431
39,76.578576,4,1310.296272,529884.4123,145.577733,131.108542,13253.6946,1.505327,208.592489,-84.378177,33.778438
0,0,1,0,0,0,0,0,3.625608,140.114418,-84.375528,33.778403
50,98.177758,9,1466.210909,818872.7302,212.575522,187.140106,19352.5647,0.550677,216.097814,-84.377393,33.77846
55,107.995515,8,1339.495835,857824.4908,217.95206,191.744836,22289.38493,0.867153,250.244095,-84.378156,33.77859
98,192.428529,11,1485.49097,1.2079e+6,293.266676,247.113893,43822.79607,0.72458,292.583263,-84.378779,33.778564
0,0,1,0,0,0,0,0,3.598193,304.041468,-84.376221,33.778468
0,0,1,0,0,0,0,0,3.451305,9.561601,-84.377981,33.778506
0,0,1,0,0,0,0,0,3.659274,144.564191,-84.37551,33.778545
0,0,1,0,0,0,0,0,5.089953,13.949048,-84.378056,33.778664
57,111.922605,9,1476.489577,879742.2011,204.308439,152.339352,26686.27552,0.208653,206.083433,-84.377394,33.778591
15,29.453285,3,1180.82963,190670.8248,59.600989,52.228861,5571.6205,3.280916,205.430442,-84.373109,33.778649
19,37.307544,1,1265.172114,284431.8335,53.771093,53.720073,8625.680277,0.490456,93.790277,-84.375467,33.778689
33,64.79734,4,1394.966781,439298.7239,115.067184,99.990021,13991.00666,2.246319,237.722273,-84.378714,33.778784
45,88.359979,5,1509.806231,800282.714,162.879011,149.551956,21454.87262,0.060491,181.844533,-84.377408,33.778699
72,141.375937,9,1458.617349,965398.4889,240.207995,200.854849,29081.22212,0.876461,240.740813,-84.378158,33.778773
73,143.339478,9,1405.562399,1.003e+6,247.479564,229.374891,29335.90126,0.511061,258.286101,-84.373118,33.77877
107,210.100397,6,1356.189919,1.4947e+6,321.069591,301.049061,47957.93104,0.139113,330.666886,-84.376215,33.778744
35,68.724401,7,1270.773323,462199.236,126.8843,109.265599,12587.29538,1.317122,160.197768,-84.3755,33.778798
44,86.396324,4,1486.020699,561106.7364,140.183836,121.498002,19576.21089,1.12128,197.096151,-84.377362,33.778827
0,0,2,0,0,0,0,0,1.91706,41.208935,-84.378036,33.778883
26,51.052487,1,1193.450135,237255.7848,65.129077,65.092857,10018.56717,3.606755,174.394974,-84.373091,33.778911
46,90.32354,5,1481.846394,796784.4908,168.128005,154.681453,21073.73703,0.456846,190.436344,-84.378166,33.778925
63,123.70395,4,1293.970303,929349.7967,216.848153,202.437453,24762.44018,0.985746,314.482664,-84.376697,33.778996
55,107.995545,4,1305.293166,695158.671,186.006824,170.835207,21031.06742,1.052782,238.415829,-84.37874,33.778968
48,94.250632,7,1424.086281,676459.2973,176.256251,150.130734,20597.38649,0.743057,207.251883,-84.377383,33.778949
39,76.578646,9,1386.182758,644414.8984,153.245527,128.926354,16225.6776,0.49611,185.442606,-84.375524,33.778941
0,0,1,0,0,0,0,0,3.071815,94.081187,-84.375055,33.778991
52,102.104856,5,1413.679603,716900.5006,178.015784,150.103227,23065.7792,2.329224,225.826236,-84.37813,33.779089
9,17.67198,3,1231.062836,99502.20631,49.457639,37.274189,3228.443018,3.042501,193.919414,-84.373144,33.779052
66,129.594453,7,1468.784583,1.0135e+6,245.889953,214.167475,29450.12373,0.163325,244.909916,-84.37871,33.779119
0,0,1,0,0,0,0,0,4.071066,204.369069,-84.377405,33.779116
60,117.81349,6,1434.126919,612217.5639,156.344812,128.948046,26145.14001,1.0282,223.69192,-84.373101,33.779197
0,0,1,0,0,0,0,0,4.058478,110.878994,-84.375554,33.779169
47,92.286928,9,1459.555113,932582.5489,245.642067,209.958357,21199.25222,0.646109,238.349983,-84.378707,33.779234
0,0,1,0,0,0,0,0,3.988503,289.33162,-84.377359,33.779254
60,117.813355,3,1335.514856,827689.9323,178.771356,174.589289,25703.44344,0.526288,193.810327,-84.378128,33.779235
0,0,1,0,0,0,0,0,5.543531,45.277999,-84.373289,33.779254
50,98.177782,4,1491.767737,868666.2941,181.937795,164.137418,22796.38459,1.804172,293.763575,-84.378094,33.779394
0,0,1,0,0,0,0,0,2.956092,46.006685,-84.378938,33.779364
86,168.865712,6,1430.142707,977921.4012,233.116214,198.115292,39216.43065,0.476201,239.39493,-84.377398,33.779622
50,98.177829,4,1391.84055,527907.1241,144.418895,131.233071,21073.88372,1.610646,210.474575,-84.377386,33.779736
62,121.740371,6,1280.521522,705730.5133,173.416065,157.511151,25567.13387,0.818723,203.976187,-84.377406,33.779851
23,45.161763,7,1334.059531,491703.0376,129.46281,113.563648,8257.192062,0.693962,146.982036,-84.377837,33.779878
36,70.688038,4,1444.574759,661627.382,126.838199,119.657769,17461.19312,0.275916,137.722907,-84.377823,33.779988
51,100.141204,7,1298.823803,704147.9345,193.635796,175.414585,18980.37365,1.599322,237.600649,-84.377388,33.779976
0,0,1,0,0,0,0,0,4.469538,169.592476,-84.373154,33.780002
0,0,1,0,0,0,0,0,3.161886,176.476932,-84.377827,33.780111
0,0,1,0,0,0,0,0,4.023089,101.166046,-84.374213,33.780108
250,490.888535,6,1418.505154,3.7862e+6,569.416177,559.261798,124459.4376,0.202155,613.389567,-84.374202,33.780911
0,0,1,0,0,0,0,0,3.911395,193.792765,-84.377805,33.781062
29,56.943312,6,1195.864005,423880.0998,101.57518,94.60293,11401.5948,1.516526,220.899608,-84.373086,33.781056
33,64.797256,12,1346.239067,658178.9466,146.599591,108.568674,14061.25865,0.978274,201.375051,-84.373651,33.780802
19,37.307442,7,1218.48711,310086.0481,93.829372,67.932952,6684.714895,1.689822,127.232325,-84.373868,33.781094
32,62.833929,5,1398.296968,402678.2783,107.582164,81.561905,12015.47726,0.601982,104.654306,-84.373891,33.781239
0,0,1,0,0,0,0,0,0.609501,22.969623,-84.374146,33.78119
11,21.599122,4,1330.355312,165341.8104,45.592814,35.527206,4530.340112,1.401919,104.856244,-84.373891,33.78138
144,282.751928,15,1484.36038,1.7892e+6,413.989282,331.83502,61512.49745,1.298826,431.158493,-84.37785,33.778418
38,74.615132,7,1349.155274,642526.6236,156.400981,125.225982,15182.15618,0.415612,163.614157,-84.375368,33.7797
68,133.521708,5,1336.650369,954301.5325,234.729425,194.568209,26591.76119,1.902168,344.86964,-84.377841,33.779215
21,41.234685,9,1164.990931,282784.0844,104.467063,88.8603,7036.223745,3.635921,498.91077,-84.377841,33.777764
46,90.323548,7,1273.443736,610206.9292,163.741423,149.142917,17538.13907,1.122896,189.688159,-84.378662,33.779394
49,96.214285,4,1211.129325,541945.0521,123.628274,121.264505,19418.83557,1.137388,184.633572,-84.373535,33.778144
115,225.808947,5,1500.536092,1.7698e+6,336.544687,313.377874,54838.97287,0.167802,339.685794,-84.379068,33.78069
57,111.922659,11,1483.745518,1.0949e+6,237.840512,208.314106,24415.93766,0.452718,289.36332,-84.377794,33.779726
30,58.906685,7,1356.266518,414226.5867,99.827513,91.102601,12340.25905,2.297393,332.550921,-84.37736,33.780866
91,178.683502,9,1242.98709,1.0056e+6,263.92867,226.93587,33381.6969,2.003079,379.415828,-84.377841,33.778813
73,143.339489,9,1464.181169,1.3051e+6,243.602632,222.908775,33452.44367,0.83529,360.353912,-84.377044,33.781455
156,306.314542,12,1497.641552,1.6686e+6,447.94862,372.61121,57832.82049,1.058517,476.137694,-84.375612,33.77802
0,0,1,0,0,0,0,0,2.716855,36.439194,-84.373454,33.779969
8,15.708436,5,1286.78388,126591.3701,48.632733,32.347864,2864.159695,0.572083,43.699968,-84.374548,33.781066
0,0,1,0,0,0,0,0,4.094832,39.806272,-84.37513,33.780085
0,0,1,0,0,0,0,0,4.971684,55.715523,-84.375707,33.778836
0,0,1,0,0,0,0,0,4.880247,60.652668,-84.374445,33.778019
22,43.198141,2,1466.652489,354386.9933,57.674339,56.905981,10747.39206,0.795032,118.234235,-84.37598,33.780826
0,0,1,0,0,0,0,0,3.557761,25.577881,-84.373521,33.780087
0,0,1,0,0,0,0,0,3.976414,78.462658,-84.375721,33.781098
13,25.526187,2,1112.171032,133418.4282,35.13327,34.494081,4578.828329,0.849855,51.773534,-84.373735,33.780102
0,0,1,0,0,0,0,0,4.182118,23.911332,-84.37476,33.779084
0,0,1,0,0,0,0,0,1.950385,55.373685,-84.376289,33.781307
13,25.526176,4,1151.377423,164169.1186,55.941331,47.257911,4474.411897,1.62289,81.952561,-84.377212,33.779857
0,0,1,0,0,0,0,0,3.696577,90.624379,-84.374832,33.779978
0,0,1,0,0,0,0,0,3.340075,25.149137,-84.373208,33.780136
0,0,1,0,0,0,0,0,1.633317,48.98007,-84.373849,33.780103
0,0,1,0,0,0,0,0,3.615156,40.93876,-84.3737,33.779098
0,0,1,0,0,0,0,0,3.538306,9.891739,-84.378247,33.780893
45,88.360036,6,1377.573459,600523.2076,163.123083,125.754569,18204.14528,0.54485,154.170756,-84.376874,33.781045
21,41.234645,2,1477.811883,256797.6774,57.521789,51.792918,11256.17483,0.556813,86.204817,-84.376294,33.778044
32,62.833728,3,1270.058452,310867.2089,100.409724,84.703315,10797.87736,0.276582,101.235673,-84.377204,33.781251
56,109.959108,5,1497.223752,665233.4948,171.182948,132.171818,23149.35397,0.987932,171.064343,-84.376871,33.780805
0,0,1,0,0,0,0,0,4.9367,20.661576,-84.377895,33.780191
155,304.3511,3,1424.781182,2.0295e+6,355.504602,353.053046,72898.54571,1.480199,486.42102,-84.373032,33.780815
66,129.594588,5,1465.538281,932341.6499,195.109022,183.946476,31404.43563,1.58372,302.45243,-84.37672,33.778786
0,0,1,0,0,0,0,0,3.240597,71.591757,-84.377094,33.778558
0,0,1,0,0,0,0,0,4.74114,55.260975,-84.374469,33.781302
52,102.104926,9,1348.124936,807653.7257,212.596698,180.797842,20102.85062,0.485362,222.514121,-84.37392,33.779282
0,0,1,0,0,0,0,0,4.420725,20.35865,-84.378063,33.778503
0,0,1,0,0,0,0,0,4.053357,32.072183,-84.37357,33.780088
0,0,1,0,0,0,0,0,4.282275,20.082783,-84.374419,33.777929
0,0,1,0,0,0,0,0,3.378728,8.583111,-84.374786,33.778826
0,0,1,0,0,0,0,0,3.522693,265.989717,-84.377303,33.779376
0,0,1,0,0,0,0,0,2.360241,11.015825,-84.378921,33.781192
101,198.319022,4,1369.814454,1.1021e+6,253.996028,239.231146,42305.91481,0.716428,304.287527,-84.376728,33.778492
148,290.606175,4,1496.359737,2.1957e+6,403.662148,385.11419,72606.36093,0.026454,415.821174,-84.379016,33.779681
0,0,1,0,0,0,0,0,5.19688,26.169546,-84.375121,33.781013
0,0,1,0,0,0,0,0,1.544044,38.859009,-84.373375,33.777929
0,0,1,0,0,0,0,0,4.380538,54.78779,-84.3745,33.77998
0,0,1,0,0,0,0,0,3.673045,121.152894,-84.373358,33.781065
82,161.011559,4,1363.302796,1.0156e+6,238.977933,223.040893,34820.93126,1.396069,342.390008,-84.376253,33.779219
0,0,1,0,0,0,0,0,5.224757,24.690141,-84.376526,33.778302
0,0,1,0,0,0,0,0,1.96915,22.852503,-84.373587,33.780963
0,0,1,0,0,0,0,0,3.874495,111.240317,-84.374355,33.780998
0,0,1,0,0,0,0,0,4.84056,14.254548,-84.374543,33.777943
0,0,1,0,0,0,0,0,4.288027,61.566775,-84.374552,33.780093
0,0,1,0,0,0,0,0,0.114963,8.698461,-84.374142,33.778852
83,162.975052,5,1506.120377,1.0966e+6,234.065561,218.584416,37015.37338,0.583978,258.57149,-84.376675,33.779318
0,0,1,0,0,0,0,0,3.683952,16.829752,-84.375073,33.778759
0,0,1,0,0,0,0,0,3.35576,39.33535,-84.378862,33.780144
0,0,1,0,0,0,0,0,4.35033,16.55047,-84.373433,33.779807
0,0,1,0,0,0,0,0,4.034954,74.350284,-84.377097,33.778215
0,0,1,0,0,0,0,0,2.951324,44.725684,-84.378004,33.781204
0,0,1,0,0,0,0,0,0.962971,14.538338,-84.376786,33.780214
0,0,1,0,0,0,0,0,0.36728,21.781749,-84.375553,33.779841
0,0,1,0,0,0,0,0,2.736631,31.790911,-84.37578,33.781012
0,0,1,0,0,0,0,0,3.197035,56.614963,-84.373639,33.779971
12,23.562638,2,1432.425478,208310.7802,42.492343,40.735243,5362.236911,0.862449,55.655461,-84.376191,33.779952
22,43.198295,2,1445.855257,276149.9282,45.382306,43.489558,10208.97447,0.259589,57.783563,-84.37618,33.781213
12,23.562666,4,1332.232083,301470.9054,54.604399,52.350274,5094.283174,0.162497,67.693616,-84.376199,33.780117
11,21.599117,2,1535.387883,130287.3582,32.790077,28.56248,5880.114272,1.578023,46.260401,-84.374646,33.781038
0,0,1,0,0,0,0,0,4.147865,33.270124,-84.373366,33.780964
47,92.287106,2,1310.4507,597463.083,126.415868,107.884061,19504.96742,0.655264,152.610348,-84.375685,33.781299
0,0,1,0,0,0,0,0,4.140375,49.753942,-84.37454,33.778014
0,0,1,0,0,0,0,0,4.327068,56.389223,-84.375479,33.780086
15,29.453328,2,1052.038193,170195.125,43.880486,42.016912,5200.062731,0.40237,52.190806,-84.378369,33.780089
0,0,1,0,0,0,0,0,5.920532,9.289705,-84.378785,33.781125
0,0,1,0,0,0,0,0,3.356215,47.374796,-84.37713,33.780088
16,31.41686,2,1451.271598,352616.7392,64.571675,61.897027,8142.692843,0.10822,73.923713,-84.376701,33.78011
0,0,1,0,0,0,0,0,3.721949,55.07867,-84.378583,33.781291
0,0,1,0,0,0,0,0,2.650943,28.291824,-84.375117,33.780239
0,0,1,0,0,0,0,0,3.635194,10.453363,-84.373363,33.779908
0,0,1,0,0,0,0,0,3.797476,66.62319,-84.378888,33.780456
33,64.797288,3,1386.344085,376353.6307,92.368816,77.992113,14880.97762,0.632987,112.166622,-84.37686,33.779909
0,0,1,0,0,0,0,0,4.794049,54.025308,-84.377138,33.778722
0,0,1,0,0,0,0,0,3.330418,27.023635,-84.374842,33.779004
56,109.959054,5,1441.183351,782420.0737,189.764356,167.567988,24535.78168,0.155521,192.900479,-84.374976,33.777832
0,0,1,0,0,0,0,0,3.690606,63.675174,-84.372972,33.77987
16,31.416901,6,1063.838333,251865.7345,78.652766,70.620884,4940.134181,2.247156,226.508543,-84.376685,33.779693
0,0,1,0,0,0,0,0,0.973169,29.799553,-84.374595,33.778857
57,111.922536,3,1246.765521,620187.794,160.007301,132.072834,20702.63782,0.876339,190.56546,-84.37584,33.781262
0,0,1,0,0,0,0,0,4.909548,142.782988,-84.374168,33.778123
0,0,1,0,0,0,0,0,3.078663,79.579993,-84.376872,33.780095
34,66.760896,5,1398.667673,553402.254,125.12378,112.256175,14972.12017,0.410763,143.635142,-84.376568,33.778076
0,0,1,0,0,0,0,0,3.424426,53.439619,-84.373618,33.778917
84,164.9386,5,1355.701821,1.0457e+6,236.984084,220.543532,37107.20802,0.32334,256.695991,-84.376744,33.778129
25,49.088869,8,1398.850591,439859.651,132.210715,101.330675,12155.10268,1.40907,206.51926,-84.377393,33.777958
42,82.469377,7,1475.415782,710939.2003,168.867052,149.092631,18600.60822,1.314045,192.535225,-84.373091,33.779348
46,90.323558,2,1436.44324,541245.3507,128.541122,122.472938,18032.30563,1.319211,171.314522,-84.378239,33.777847
82,161.011513,8,1553.626348,1.2966e+6,251.837647,230.994088,39589.20082,0.076537,274.375511,-84.378843,33.777892
0,0,1,0,0,0,0,0,3.645325,58.705324,-84.378319,33.7811
67,131.558158,11,1446.960784,1.2433e+6,283.655927,251.679267,29060.97618,0.229327,287.798203,-84.379078,33.78124
0,0,1,0,0,0,0,0,4.190038,172.31347,-84.374247,33.777905
65,127.631097,10,1529.979057,1.126e+6,246.347501,196.318724,31060.50768,0.46374,247.983523,-84.375674,33.780829
47,92.286999,4,1373.003604,632518.915,136.261275,126.622833,18710.13078,0.812266,150.197033,-84.376424,33.781334
0,0,1,0,0,0,0,0,2.558392,69.18409,-84.377037,33.780105
68,133.521646,8,1491.96718,1.4029e+6,258.024525,212.385669,32481.91548,0.145719,233.325347,-84.375991,33.781501
32,62.833677,5,1310.746003,466161.7191,128.57028,114.56278,11397.10956,1.429597,291.690667,-84.379082,33.781097
111,217.954592,7,1487.329139,1.4346e+6,341.563535,286.890222,46596.32773,0.933707,381.275889,-84.376058,33.781028
15,29.453319,3,1363.435465,151980.4991,46.366912,42.723705,4829.629311,0.998831,70.081938,-84.376381,33.77995
28,54.97962,4,1526.630446,381687.1562,90.561734,80.865939,13649.49433,0.402436,94.424859,-84.380402,33.778142
27,53.016,6,1349.037368,326914.494,94.459111,76.758188,10785.77823,1.843607,125.297841,-84.38028,33.778119
0,0,1,0,0,0,0,0,4.009975,61.84577,-84.380364,33.779765
43,84.432902,13,1437.217548,704129.7718,195.751119,168.68999,14073.78513,1.911111,300.872102,-84.379417,33.777907
64,125.667412,6,1534.516825,806482.0827,192.674943,171.039164,30339.55762,0.187117,219.113739,-84.380093,33.777966
112,219.918171,5,1462.264804,1.716e+6,304.575679,289.437408,50436.7517,0.251109,314.604764,-84.379386,33.778048
50,98.177593,6,1547.327814,771911.785,211.888447,184.656606,23070.32606,0.336979,204.760294,-84.380064,33.77811
77,151.193764,10,1448.697396,1.1772e+6,260.246135,211.889692,31100.73945,1.144186,267.439148,-84.379406,33.778334
93,182.610541,9,1550.551863,1.4113e+6,351.201003,302.125307,43186.97169,0.226569,348.679603,-84.380068,33.778408
30,58.906664,4,1226.134801,345458.3013,92.383878,86.029227,9509.80127,4.215999,226.518075,-84.379391,33.778496
52,102.104956,7,1505.220164,625978.7717,179.665435,154.293938,23458.24024,0.63102,220.278435,-84.380031,33.778557
105,206.173296,9,1526.116479,1.737e+6,400.088514,370.594644,53290.82176,0.115139,425.571132,-84.380083,33.778694
0,0,1,0,0,0,0,0,2.598674,18.85577,-84.37912,33.778579
91,178.683577,9,1476.076755,1.5536e+6,293.823571,263.27763,39607.63573,0.352718,286.34802,-84.379339,33.778828
51,100.141327,4,1450.142878,493513.8287,140.746745,118.600594,23055.50834,1.229881,204.084734,-84.379973,33.778829
131,257.225761,1,1383.930081,1.4737e+6,290.932174,290.340467,65333.21206,0.456638,337.247193,-84.380022,33.778967
53,104.068498,6,1487.244817,888453.6579,181.843684,154.861282,23237.70104,1.920538,253.574776,-84.379337,33.778968
69,135.485271,9,1450.692362,1.16e+6,246.681871,219.165997,28149.43125,0.757807,259.960492,-84.379311,33.779121
51,100.141392,10,1449.046049,685563.4222,216.006123,175.654252,21277.914,0.810037,228.384516,-84.379966,33.779119
91,178.683521,9,1531.073238,1.4894e+6,288.527172,247.472735,44018.88807,0.570729,324.146886,-84.379261,33.779248
38,74.615096,8,1442.676286,579928.3912,160.466194,142.170134,14897.82022,1.195397,220.847193,-84.379935,33.779262
96,188.501343,8,1356.06013,1.1071e+6,273.761139,231.478902,40247.25207,0.453899,266.57937,-84.379235,33.779403
59,115.849881,7,1333.128439,797704.2849,211.508566,185.912387,25446.71159,0.647738,234.662764,-84.379946,33.779412
66,129.594668,6,1488.220454,969676.5249,233.437146,212.109056,28545.58685,0.831395,268.224048,-84.379897,33.779638
107,210.100444,4,1354.278871,1.7051e+6,305.203569,291.049823,50635.10912,0.850562,356.235059,-84.379302,33.779779
49,96.214181,8,1415.609115,720333.9878,205.6777,178.114179,19640.57786,1.074654,264.271107,-84.379878,33.779781
0,0,1,0,0,0,0,0,2.57075,24.117476,-84.380188,33.779962
21,41.234691,5,1028.095204,211098.3878,81.736595,67.003256,6003.714253,4.198609,220.311043,-84.379213,33.780028
21,41.234544,4,1136.245257,228236.1394,87.770779,75.243694,6257.027916,2.695163,248.96455,-84.379789,33.78006
0,0,1,0,0,0,0,0,3.424274,236.254487,-84.379174,33.780168
102,200.282441,8,1445.49169,1.4469e+6,331.272578,291.043536,40637.77875,0.439009,341.678284,-84.379786,33.780194
0,0,1,0,0,0,0,0,3.652221,150.31947,-84.379207,33.78031
96,188.501251,6,1342.376299,1.5118e+6,273.542923,261.381244,41755.65395,1.421359,333.483693,-84.379804,33.780336
0,0,1,0,0,0,0,0,2.490543,234.487023,-84.379133,33.780439
50,98.177594,10,1248.388945,827811.6625,204.331733,178.358477,18101.49773,1.237685,239.156226,-84.37978,33.780494
32,62.83371,11,1363.98271,715270.8785,159.043446,127.249631,14233.72879,2.574028,235.817188,-84.37977,33.78063
75,147.266521,6,1487.645542,917549.2215,242.347309,194.490557,31957.79914,0.628914,241.686559,-84.379091,33.780833
0,0,2,0,0,0,0,0,3.76858,210.424058,-84.379765,33.780762
50,98.177763,10,1364.476338,1.0501e+6,203.558308,173.557258,19455.22122,0.40448,224.980252,-84.379713,33.780904
0,0,1,0,0,0,0,0,4.072776,253.389802,-84.37909,33.780961
39,76.578778,4,1384.531109,586354.4649,127.9208,104.873456,15575.67156,1.424048,160.107013,-84.379665,33.78105
35,68.724566,9,1263.072921,637382.6797,177.563496,144.237203,12012.12596,1.011839,192.718414,-84.379647,33.78118
64,125.667328,8,1326.645586,892373.2888,210.90443,178.207569,25869.40577,1.417954,267.286612,-84.379668,33.78132
66,129.594712,11,1446.001954,1.2211e+6,264.615535,226.643691,29390.03889,0.475207,258.83466,-84.379106,33.781366
32,62.833694,10,1395.174405,682126.5859,147.494494,118.078581,13050.29344,1.354841,155.737861,-84.379649,33.781436
43,84.432775,7,1499.554865,796339.5102,160.326828,143.879306,20253.32145,0.303673,214.046112,-84.379108,33.781495
42,82.469529,5,1368.436862,706525.3172,151.227615,125.553469,17735.45451,2.140866,206.925598,-84.379659,33.781548
24,47.125383,4,1453.658279,284033.9682,56.944942,47.745424,11554.85952,2.573698,184.170811,-84.379119,33.781617
28,54.979619,5,1243.052841,415888.559,103.398992,87.230707,9170.647479,2.157418,165.012081,-84.37965,33.781654
35,68.724478,7,1528.061581,674884.3859,149.670627,134.926922,16768.77439,0.471128,182.54076,-84.380253,33.781162
104,204.209546,4,1436.118942,1.0153e+6,252.683547,213.422921,45995.98406,0.490264,254.964804,-84.380392,33.780657
34,66.760963,6,1196.824385,458055.1983,135.381695,109.705358,13623.28872,1.826365,238.177964,-84.379858,33.779922
84,164.93846,8,1537.048473,1.0767e+6,282.961701,237.863703,40191.22507,0.607063,288.273242,-84.380408,33.780483
62,121.740662,8,1460.339329,768711.6818,217.468995,181.301039,23747.94237,0.395659,361.422592,-84.380558,33.779842
0,0,1,0,0,0,0,0,0.987151,396.089181,-84.380403,33.780329
0,0,1,0,0,0,0,0,5.788829,160.308766,-84.380548,33.778426
0,0,1,0,0,0,0,0,3.393801,9.134302,-84.380305,33.779205
0,0,1,0,0,0,0,0,0.445091,15.727122,-84.379001,33.77869
0,0,1,0,0,0,0,0,4.033589,49.583635,-84.379951,33.780939
14,27.489832,2,1313.503971,204234.6607,45.69881,41.435518,6203.386563,0.081297,49.202475,-84.379899,33.781079
0,0,1,0,0,0,0,0,2.677301,52.664981,-84.379087,33.77883
12,23.562684,3,1164.059881,162446.8225,47.048648,41.498596,4334.111975,1.04187,63.347646,-84.380276,33.778593
0,0,1,0,0,0,0,0,4.119778,24.273151,-84.379039,33.778483
0,0,1,0,0,0,0,0,2.380965,50.399738,-84.38027,33.780079
0,0,1,0,0,0,0,0,4.296948,40.493853,-84.37993,33.780866
0,0,2,0,0,0,0,0,2.510693,71.29507,-84.379868,33.781169
8,15.708466,4,1053.739972,205035.3148,48.035336,44.708626,2971.262059,1.979156,83.368887,-84.379186,33.777934
0,0,1,0,0,0,0,0,1.526297,39.310819,-84.380417,33.777975
0,0,1,0,0,0,0,0,1.366114,32.208136,-84.378999,33.778741
0,0,1,0,0,0,0,0,4.702146,34.239688,-84.380012,33.780741
0,0,1,0,0,0,0,0,2.26513,9.712466,-84.380244,33.780592
119,233.663097,10,1550.482268,1.3678e+6,349.602925,275.757269,51793.3445,0.490978,323.84376,-84.380252,33.780959
9,17.671972,3,1332.018341,127053.0572,29.906969,27.806926,2989.266222,1.974478,65.840173,-84.379158,33.778429
7,13.744895,3,1250.980503,137614.3195,33.696022,31.226972,2543.559094,1.102116,45.367258,-84.379083,33.777956
107,210.100263,8,1495.208484,1.178e+6,327.864654,275.360416,43546.06921,0.689086,342.482463,-84.380299,33.780811
0,0,1,0,0,0,0,0,4.436035,167.491909,-84.380084,33.780184
0,0,1,0,0,0,0,0,3.4681,251.434496,-84.380215,33.779691
0,0,1,0,0,0,0,0,5.067012,74.600185,-84.380331,33.778877
15,29.453343,3,1188.509985,246389.2267,59.956499,55.432613,6416.177391,2.583042,132.402033,-84.380368,33.778716
64,125.667618,8,1253.07902,978522.7927,247.703149,217.200288,22060.77,3.172081,382.083576,-84.379326,33.778665
81,159.048042,10,1537.172098,989112.0339,283.244808,237.796558,34182.83594,0.305044,324.542815,-84.380474,33.780199
37,72.6515,6,1528.271473,705665.8392,171.769812,153.110131,17382.52392,0.35286,181.375306,-84.380292,33.781078
0,0,3,0,0,0,0,0,0.328852,218.943218,-84.380636,33.779661
8,15.708464,3,1307.733349,166973.2162,29.613745,27.510593,3795.33859,2.16107,76.351065,-84.37915,33.778312
22,43.198203,1,1271.597996,293815.7225,56.414316,56.351711,9956.648014,1.614925,163.475045,-84.377881,33.77703
54,106.031872,10,1192.892435,804925.4751,214.552715,180.298258,19156.18085,2.136919,239.129344,-84.377089,33.775102
54,106.031988,6,1369.86545,900818.7665,189.263878,172.736985,21855.48265,0.902355,232.724247,-84.37709,33.775962
42,82.469383,5,1280.774967,759714.2702,161.972843,143.591637,16230.81653,2.50178,261.813587,-84.377093,33.774667
23,45.161831,8,1278.254066,364911.4815,97.31315,86.584608,7555.698921,2.411363,205.69281,-84.376944,33.775106
0,0,1,0,0,0,0,0,2.859431,95.473541,-84.37689,33.77583
60,117.813198,5,1536.327233,879539.7905,163.914502,136.138734,27336.12545,1.703356,261.83604,-84.376936,33.774669
56,109.959093,4,1323.476168,738162.3709,166.787649,147.69741,21956.19811,0.666514,199.545812,-84.37692,33.775554
7,13.744899,4,1393.821372,117586.2714,39.475952,32.993817,3322.580918,2.528019,88.60694,-84.376882,33.775981
49,96.214134,5,1462.071739,827463.8677,168.1509,147.73615,20870.83074,0.129476,169.915638,-84.376766,33.775551
52,102.104784,7,1508.49385,942149.907,189.246371,161.249067,24698.92848,0.456564,197.124447,-84.376774,33.776419
49,96.214295,9,1356.182372,795443.2375,206.681109,172.864033,18628.65927,0.917789,219.004647,-84.376803,33.775111
44,86.396436,6,1452.942696,837455.7511,169.765485,151.672938,19402.62361,0.889179,242.92069,-84.376769,33.775952
25,49.088885,3,1532.916025,471683.1864,98.098802,87.69844,11960.82821,0.951473,187.07826,-84.376758,33.774644
43,84.432829,6,1484.237989,885363.0386,170.407378,156.086078,20701.78136,0.172054,180.176394,-84.376615,33.776416
42,82.469426,6,1441.295221,728008.5033,145.172459,130.622554,21195.36376,0.144473,145.356181,-84.37664,33.775124
38,74.615149,5,1459.115819,481978.8482,119.744104,106.297401,17045.63809,1.532076,255.209311,-84.376615,33.775958
83,162.975083,6,1502.718288,1.3601e+6,264.48781,232.955522,36570.23242,0.432136,277.690102,-84.376603,33.774664
30,58.906552,4,1197.338472,365694.095,85.371427,78.799722,12076.97366,3.39798,243.674183,-84.376621,33.775554
15,29.453305,3,1285.718828,252804.2808,65.78088,57.374965,6079.030402,2.371486,176.260798,-84.376451,33.775971
25,49.088937,7,1319.671042,535633.4266,128.374601,112.674022,9922.020937,1.102252,168.745488,-84.376476,33.775103
86,168.865711,4,1473.206673,1.3868e+6,228.192564,217.327118,41780.335,0.115624,250.812942,-84.376451,33.774662
80,157.084445,6,1505.864604,1.3601e+6,256.376025,230.651672,36965.73822,0.126364,261.150748,-84.376461,33.775565
32,62.833888,6,1345.918514,605847.835,135.358391,120.497302,13173.58384,1.432958,170.97495,-84.376316,33.775102
41,80.505802,4,1282.850348,631233.221,131.408988,119.883579,17593.75316,2.097295,256.997726,-84.3763,33.775963
66,129.594742,6,1337.280749,1.048e+6,229.018137,200.054303,27171.29864,0.935703,266.110104,-84.376293,33.774665
81,159.047736,5,1540.834267,1.4937e+6,252.984539,229.01928,40265.58831,0.267586,265.335123,-84.376308,33.775564
52,102.10492,6,1375.326431,766597.2069,137.241022,136.368267,26085.20285,0.398391,190.767189,-84.376262,33.776425
11,21.599082,6,1087.756413,151532.5961,60.288651,44.366734,3049.170296,2.532638,199.001952,-84.376139,33.774664
44,86.396482,6,1414.863448,878715.3967,161.382953,144.437072,19826.53655,0.166007,162.643957,-84.376161,33.775104
61,119.776845,7,1413.052101,1.1335e+6,220.001692,196.827277,27645.39948,0.224746,222.473075,-84.376145,33.775965
35,68.724422,6,1424.471919,612895.3471,133.887771,118.676208,13928.04816,1.375709,173.001697,-84.375971,33.774657
30,58.90664,6,1402.383986,484473.9555,103.912119,90.666213,12870.92033,1.752355,233.970887,-84.376015,33.775552
59,115.849828,4,1355.94058,855404.6308,180.180108,165.044666,26655.76614,0.950347,209.397282,-84.376093,33.776433
54,106.03193,5,1280.400887,836507.7994,176.113497,156.786229,21902.63503,0.820996,221.681959,-84.37601,33.775092
61,119.776812,8,1424.851408,935210.1681,245.052746,181.685973,26116.26406,0.46128,216.78813,-84.376012,33.775957
0,0,1,0,0,0,0,0,3.36752,17.223358,-84.376046,33.775703
40,78.5422,6,1255.939282,666739.0909,150.647485,139.247288,16189.39817,1.203683,194.403389,-84.375938,33.77642
0,0,2,0,0,0,0,0,3.593086,100.749046,-84.376002,33.774946
65,127.631094,5,1433.657403,941071.7003,211.264591,179.480751,27586.95134,0.209588,200.392888,-84.375853,33.775974
0,0,1,0,0,0,0,0,2.412528,15.751114,-84.375705,33.77482
0,0,1,0,0,0,0,0,2.726557,210.88865,-84.375852,33.775565
32,62.833679,7,1233.492155,526977.9693,126.406166,115.474117,12793.91401,0.670456,161.084278,-84.375772,33.776412
51,100.141404,4,1263.267778,795301.1513,167.421149,149.301076,19477.49394,1.497472,212.357928,-84.375622,33.77512
0,0,1,0,0,0,0,0,4.645062,156.079725,-84.375704,33.775967
22,43.198124,7,1278.347088,364198.7208,89.784822,75.278519,8834.045549,1.961159,231.495778,-84.375615,33.774705
57,111.922668,7,1317.937036,885100.3292,188.750919,168.126071,23295.70806,0.886952,226.618744,-84.375696,33.775564
31,60.870155,6,1325.330118,551755.5126,129.326015,114.912677,12693.91073,0.856314,179.840586,-84.375625,33.776412
8,15.70842,6,1089.148048,134477.6486,52.021121,42.723599,2499.359028,2.636814,159.283161,-84.375474,33.775111
0,0,1,0,0,0,0,0,4.368396,186.109496,-84.375527,33.775954
41,80.505641,10,1490.63011,859756.9263,181.566893,148.53973,16872.3943,0.838885,237.219506,-84.37547,33.774702
80,157.084383,4,1373.957537,1.3602e+6,224.672013,215.931667,38368.94052,1.246077,329.032504,-84.375548,33.775586
48,94.250611,10,1380.283879,838741.2521,201.474587,175.152722,19201.50633,0.712409,218.975416,-84.375448,33.776417
21,41.234751,5,1036.756083,289788.4807,81.856554,73.267527,7098.156515,2.604765,164.314269,-84.375322,33.775112
52,102.104828,2,1271.233499,671496.5907,131.602391,114.231315,21903.80219,0.084395,130.339802,-84.375392,33.775964
33,64.79728,7,1524.145424,557214.3836,109.36436,94.197862,15221.70137,0.708322,172.238153,-84.375331,33.774684
50,98.177813,6,1515.442441,1.0288e+6,178.446417,157.63494,23913.61495,0.222467,179.801896,-84.375391,33.775534
53,104.068327,8,1523.308559,880762.5881,200.411456,164.98224,19782.07767,0.73707,213.005552,-84.375179,33.774684
45,88.36004,6,1258.035577,730508.3369,189.11827,163.986542,15288.37791,1.981377,205.917436,-84.375163,33.775107
16,31.416801,3,1013.124076,170106.4609,50.451825,45.768272,5459.501755,4.588314,239.085637,-84.375003,33.775104
38,74.615158,7,1544.428385,706847.3605,149.480349,123.921631,19278.728,1.123452,186.033779,-84.374992,33.774689
54,106.031844,5,1254.441512,824303.0237,179.373858,164.695006,20780.50665,0.68321,203.451306,-84.375004,33.775545
38,74.615092,4,1508.205533,699157.0247,132.056902,120.213269,17876.57609,0.829743,159.085409,-84.374958,33.776406
59,115.849812,8,1186.615612,844288.1719,227.707248,186.119858,21086.47872,0.846436,231.559019,-84.374838,33.775106
62,121.740551,4,1421.141427,942946.2977,187.378171,162.210354,26751.48092,1.514882,305.634451,-84.37484,33.774726
0,0,1,0,0,0,0,0,3.779085,245.297494,-84.374837,33.775549
107,210.100247,3,1364.667158,1.3386e+6,263.790897,259.856408,46834.16326,0.735661,311.284858,-84.374773,33.776447
39,76.578556,4,1095.07215,514302.7659,134.775285,120.005889,13831.91035,2.665557,245.727262,-84.374674,33.775085
93,182.610607,2,1387.668157,1.3069e+6,218.757558,216.590704,45990.80729,0.317826,242.271291,-84.374834,33.775922
45,88.359927,9,1470.882733,1.0122e+6,188.874623,168.856982,21651.76315,0.99702,244.729271,-84.374665,33.774707
0,0,1,0,0,0,0,0,3.416025,221.309842,-84.374677,33.775545
0,0,1,0,0,0,0,0,3.408516,8.214719,-84.374668,33.776594
41,80.505838,9,1443.75429,784752.239,186.372711,149.653342,17190.54098,0.621621,201.087149,-84.374505,33.774697
36,70.687979,3,1301.666928,600322.4481,120.352288,116.051862,15618.78838,0.775186,172.861705,-84.374501,33.775093
49,96.214338,10,1370.459456,920365.933,243.470756,199.993828,20909.38644,0.395405,250.375926,-84.374521,33.775956
0,0,1,0,0,0,0,0,3.888295,326.106962,-84.374509,33.775568
29,56.943187,4,1184.211276,375808.0657,106.505628,96.511694,10335.09555,2.177982,178.146588,-84.374468,33.776422
48,94.250737,7,1370.565186,963639.4788,209.200918,176.844339,21886.91682,0.195076,205.048395,-84.374375,33.775096
16,31.416791,7,1216.546319,251436.9022,73.888706,60.30352,6111.085896,2.815333,266.043086,-84.374362,33.775947
50,98.177769,10,1400.656918,954863.3447,212.888916,188.832631,22487.07732,0.696659,233.973724,-84.374354,33.774715
0,0,1,0,0,0,0,0,3.300054,210.602623,-84.374337,33.775546
108,212.063971,5,1426.272215,1.6067e+6,322.723444,301.444235,47995.29085,0.688833,374.546746,-84.374293,33.776535
57,111.922609,5,1335.995759,922244.5415,183.0787,166.970034,25067.78632,0.22681,193.995382,-84.374239,33.775114
60,117.813321,4,1405.583492,929928.1584,177.582366,157.03451,26768.4107,0.842367,236.23915,-84.374173,33.774698
50,98.177796,6,1325.111751,754348.4427,164.498121,151.070775,20190.29066,0.427541,177.760767,-84.374173,33.775943
0,0,1,0,0,0,0,0,3.28666,140.872508,-84.374155,33.775521
0,0,1,0,0,0,0,0,3.66223,9.557017,-84.374053,33.77663
50,98.177667,3,1346.49765,786469.6015,146.209543,131.589798,23251.43974,0.234379,153.597349,-84.374122,33.775127
59,115.849758,3,1337.962815,786991.4197,151.446387,136.638037,25771.59416,0.132505,158.484474,-84.373989,33.775129
70,137.448841,6,1520.515538,1.1322e+6,207.90956,179.939095,32997.0125,1.073451,272.95154,-84.374014,33.7747
55,107.995564,5,1299.640413,593146.5514,157.957903,117.772868,20290.41314,1.472063,221.45791,-84.374021,33.775538
5,9.817787,2,1336.724053,152715.8736,31.008553,28.779497,2442.316405,2.815315,193.228839,-84.374013,33.775951
73,143.339713,6,1413.222182,1.1888e+6,224.251314,203.886843,33232.88008,0.314999,234.921298,-84.373977,33.776454
63,123.704025,7,1271.977942,866002.9489,178.155504,153.085231,26214.23592,1.504541,295.771177,-84.373846,33.775098
14,27.489838,5,1562.35143,358642.3867,64.016318,55.108656,7013.486504,0.79436,124.628562,-84.373856,33.774665
51,100.14126,6,1353.583331,605984.0373,156.959881,132.675105,15317.71822,1.620227,212.93307,-84.373857,33.775525
17,33.380523,3,1331.81816,322910.3895,72.467937,65.9977,6729.414853,2.381493,176.77985,-84.373851,33.77596
49,96.214094,7,1509.97373,865278.5125,167.979848,150.438486,22023.19233,0.221301,167.192762,-84.373796,33.776402
0,0,1,0,0,0,0,0,4.033088,124.966293,-84.3737,33.774679
25,49.088809,7,1265.437748,376693.9162,109.676121,86.990835,8343.235793,2.238535,178.241538,-84.373698,33.775108
0,0,1,0,0,0,0,0,0.736598,12.218328,-84.373507,33.774819
0,0,2,0,0,0,0,0,4.658823,229.0278,-84.373685,33.775539
63,123.704123,5,1434.850694,1.0058e+6,194.221286,171.156078,28490.68053,0.623501,219.726863,-84.373641,33.776416
35,68.72437,5,1497.052622,681449.5777,128.202571,116.87201,17198.82496,0.737596,165.402198,-84.37348,33.776401
59,115.849726,7,1273.949282,688626.5579,183.835308,144.939356,21973.44094,1.180249,215.208891,-84.373529,33.775124
16,31.416901,5,1130.637351,253287.256,60.852085,54.851577,5526.26888,2.701432,159.915195,-84.373512,33.774702
0,0,1,0,0,0,0,0,4.424699,140.122536,-84.373515,33.775547
97,190.464815,2,1308.318355,1.3053e+6,223.898794,221.021721,43306.33365,0.541812,254.700982,-84.375164,33.775535
0,0,1,0,0,0,0,0,4.635621,202.561861,-84.373342,33.775464
60,117.813307,11,1575.397747,1.3427e+6,265.2338,199.708598,25433.72986,0.555879,239.260824,-84.377435,33.774593
123,241.517264,2,1392.142624,1.704e+6,282.419851,280.195998,59795.31542,0.482037,323.626315,-84.378021,33.774608
0,0,1,0,0,0,0,0,2.588422,223.302107,-84.373124,33.774593
11,21.599089,6,1377.333243,202486.2894,63.008384,54.613803,3013.194638,1.357976,216.498638,-84.378511,33.774649
74,145.302851,11,1383.571709,961865.1076,290.397012,218.567983,21495.2476,0.733553,259.013263,-84.377932,33.774741
0,0,1,0,0,0,0,0,3.919405,157.421864,-84.373088,33.774751
27,53.016006,7,1528.252847,562692.7414,109.135258,93.669431,14253.06714,1.043068,206.122794,-84.377431,33.774748
37,72.651646,6,1382.959363,525263.2963,119.474628,107.011423,14504.76372,1.399332,225.822054,-84.378506,33.774787
0,0,1,0,0,0,0,0,4.808336,203.812732,-84.373109,33.774894
8,15.70844,5,1405.800267,211951.5225,55.193262,48.377233,2259.249854,3.159874,195.260929,-84.377418,33.774892
65,127.631162,8,1399.268448,997921.8733,266.084154,229.804652,26762.41365,0.675849,257.454057,-84.378493,33.774928
46,90.323504,6,1398.068471,686312.6279,172.029041,160.442761,20147.08846,0.94772,219.473999,-84.377931,33.774898
0,0,1,0,0,0,0,0,3.890644,217.187715,-84.375738,33.774965
36,70.688071,4,1282.723271,473620.4991,118.470638,111.274212,15212.29531,0.654327,132.961026,-84.377921,33.775017
0,0,1,0,0,0,0,0,1.85586,243.013967,-84.37309,33.775046
11,21.599161,5,1229.6657,186724.7206,57.794212,51.991126,3875.152238,2.51913,166.327259,-84.377421,33.77502
65,127.631156,6,1511.886952,1.015e+6,207.178605,189.887568,33434.74345,0.106813,205.967217,-84.378497,33.775073
52,102.104967,15,1340.736213,659663.5038,301.383577,182.360776,15152.35896,2.085467,290.582398,-84.377415,33.775167
51,100.141258,7,1379.738066,801976.0561,186.491322,174.910699,22135.34193,0.422831,201.025815,-84.377935,33.775162
38,74.615083,8,1506.644338,814004.1009,191.728927,167.957076,17383.30255,0.216378,207.969749,-84.373115,33.775197
8,15.70845,5,1326.503678,186274.8977,50.258228,45.37394,2995.948647,2.071847,177.136603,-84.37791,33.775287
80,157.084256,6,1412.751133,1.0433e+6,254.94918,240.532054,34960.8472,1.397514,421.46269,-84.378404,33.775347
32,62.833773,9,1466.354573,673326.8178,166.012927,145.762312,14718.60945,0.525105,188.533827,-84.37847,33.775481
100,196.355553,7,1325.296224,1.2121e+6,310.537734,288.7256,39475.77305,1.556201,364.991468,-84.377961,33.775487
28,54.979467,9,1448.832375,490786.1724,141.495891,112.053825,13123.47295,1.913463,220.019953,-84.373095,33.77545
82,161.011676,8,1508.331004,1.3e+6,295.811753,252.32339,36391.81639,0.580627,310.009785,-84.37738,33.775473
42,82.469387,5,1349.203119,747077.9812,222.772352,187.927828,17205.67395,1.30379,240.836358,-84.373111,33.775618
74,145.30301,11,1505.337934,1.2417e+6,276.197614,237.309438,30767.93841,0.68143,283.228115,-84.37741,33.775605
48,94.250575,7,1530.185434,715442.426,227.26166,153.149148,23932.08973,0.718758,221.214824,-84.378438,33.775613
44,86.39649,7,1443.661837,583364.3853,205.82009,145.115147,17384.12682,1.162758,233.066516,-84.373121,33.775764
75,147.266725,7,1491.161633,1.0573e+6,241.542599,211.417752,31037.47073,1.23196,271.924456,-84.377395,33.775743
34,66.760943,2,1314.65159,330172.2834,93.403774,87.187888,11753.52067,2.868312,178.15354,-84.377951,33.775852
39,76.578619,8,1459.54334,743862.4526,205.456668,162.701837,17260.20084,0.376828,188.41502,-84.373101,33.775904
47,92.287123,5,1493.433604,1.0661e+6,177.524209,165.975241,22650.84741,0.160755,180.398317,-84.379004,33.775936
74,145.303147,3,1452.05027,1.1168e+6,183.997195,181.574271,38153.20761,0.157124,203.661057,-84.37742,33.775874
68,133.521696,7,1562.59018,1.1077e+6,244.647394,222.641972,34943.25999,0.159725,250.429691,-84.378404,33.775997
37,72.651582,5,1458.750246,570449.3217,190.935716,112.702332,19265.01035,0.292651,143.515481,-84.377923,33.775988
55,107.995467,6,1522.333842,1.2176e+6,202.215635,183.895031,27779.30592,0.127646,195.854829,-84.378989,33.776088
273,536.050629,4,1411.95212,3.7311e+6,631.944316,621.070842,141059.5209,0.252825,664.490041,-84.377392,33.776037
124,243.480594,1,1480.806632,1.5621e+6,277.479586,276.966968,68273.47995,0.013445,297.506003,-84.37836,33.776137
79,155.120782,6,1559.301926,956869.5291,257.581061,199.180542,39363.01625,0.3693,222.041786,-84.377911,33.776095
56,109.959082,6,1504.691876,939102.3577,181.013978,161.210269,24723.47933,1.426791,206.757733,-84.378999,33.776239
48,94.250739,5,1541.86118,870118.8224,192.748105,178.224407,22988.73936,0.101301,197.432377,-84.378392,33.776288
42,82.469271,7,1489.853092,728097.9433,158.576228,143.334512,19891.30755,0.14509,158.522165,-84.377898,33.776232
26,51.052387,5,1370.334018,372416.91,96.184738,85.693297,11369.2398,2.430921,185.937743,-84.373114,33.776321
91,178.683584,4,1387.850521,1.4552e+6,260.876924,248.578721,40703.18491,0.324696,274.102939,-84.379004,33.776371
0,0,4,0,0,0,0,0,2.137144,195.588122,-84.378368,33.776417
58,113.886281,4,1479.871011,804543.5337,174.711618,161.998837,26290.78775,0.952571,219.406164,-84.377914,33.776367
29,56.943103,7,1319.13229,566910.9896,157.344948,138.874973,12279.57634,1.703284,199.027289,-84.373098,33.776454
263,516.414989,3,1488.63578,3.1878e+6,599.353704,592.131612,129138.911,0.320816,660.815123,-84.37722,33.776403
66,129.594695,6,1529.294267,1.1795e+6,208.021542,188.461576,32104.97902,0.078803,228.417361,-84.378959,33.776491
32,62.833729,6,1457.971409,540153.5528,138.683032,120.723572,13916.08172,0.45826,174.573253,-84.375099,33.776401
10,19.635549,9,1231.921418,233557.8492,63.052639,54.780103,4187.567925,2.071914,220.086406,-84.37311,33.776594
24,47.125271,6,1237.621618,342623.7536,105.788915,94.99653,7867.136389,1.471367,187.580668,-84.378363,33.776545
39,76.578714,7,1428.662548,538276.9269,131.221786,121.72965,17062.59582,0.815507,196.197085,-84.377908,33.776513
28,54.979647,10,1388.419677,480801.7927,175.325975,108.604576,12399.74051,1.323226,202.535337,-84.378947,33.776632
43,84.432899,6,1201.291454,556705.5325,149.352607,133.561003,16388.10728,1.293662,188.611822,-84.373107,33.77673
52,102.104792,7,1491.712346,896609.4548,203.99995,174.623546,23454.05973,0.727884,225.310579,-84.377407,33.776608
113,221.881851,2,1368.996688,1.2104e+6,273.421485,271.414187,52363.17207,1.044348,366.735907,-84.378307,33.776681
32,62.833732,5,1255.194271,416180.4787,124.108043,113.497713,10642.42724,1.499572,179.384567,-84.377894,33.776656
49,96.214114,5,1428.303652,846770.5579,203.648994,185.315208,20033.18675,0.27182,209.697456,-84.373102,33.776869
34,66.760899,7,1532.438711,665162.3822,137.916604,123.759114,15376.33284,0.719529,187.622723,-84.377404,33.776729
40,78.542306,7,1181.687701,403217.4741,147.748817,131.241598,12150.73578,1.168321,164.338402,-84.375007,33.776732
39,76.578558,7,1474.253091,605031.7226,162.570842,138.562813,16879.16628,0.571647,176.682529,-84.376183,33.776742
67,131.558173,4,1209.138666,695451.2351,176.94746,169.020895,25703.30547,1.69779,230.299335,-84.375594,33.776712
62,121.740462,7,1411.276734,739687.6638,209.76869,173.452602,28055.78147,0.511932,205.105239,-84.376706,33.776729
57,111.9226,9,1262.431677,854875.6761,266.888393,211.8761,20040.00425,1.305176,258.968929,-84.378923,33.776863
48,94.250694,10,1363.703051,890973.9492,250.468253,200.008827,19397.69913,0.379779,231.713786,-84.37312,33.776994
53,104.068405,6,1519.027644,966458.7957,184.611029,169.804021,25501.89951,0.159174,188.473339,-84.377415,33.77687
0,0,1,0,0,0,0,0,4.875929,170.839223,-84.375518,33.776864
44,86.396412,5,1431.283557,635827.5892,162.683601,148.894858,18802.00918,0.886621,179.332592,-84.376706,33.776863
0,0,2,0,0,0,0,0,2.56041,187.860522,-84.373527,33.776887
69,135.485255,4,1290.617529,724085.0657,208.310466,180.896954,25206.1789,2.388159,383.140284,-84.374875,33.776848
24,47.125318,8,1478.862399,486303.4247,177.424635,127.932839,10772.04124,0.493138,194.671826,-84.376173,33.776883
49,96.214176,5,1555.787165,957489.78,180.052861,163.529349,24189.16148,0.101353,177.597764,-84.377413,33.777011
113,221.881697,2,1435.907359,1.551e+6,321.830126,307.533755,56831.5291,0.139701,343.59063,-84.374886,33.777117
30,58.906686,9,1305.90301,480654.1125,166.601041,143.317782,11028.62252,1.481964,228.75056,-84.378328,33.77682
43,84.432813,6,1389.658447,543184.0974,310.935003,131.247158,18242.7778,1.759871,186.945551,-84.377864,33.777207
0,0,1,0,0,0,0,0,3.878301,38.161041,-84.375822,33.777042
57,111.922681,7,1528.777907,887370.0037,193.660691,175.752001,27024.97672,0.110629,207.902276,-84.376712,33.777005
20,39.271171,9,1314.473723,242095.5003,139.729002,73.270596,8383.983681,2.579931,221.711316,-84.373721,33.776927
65,127.631151,10,1475.08011,1.1231e+6,287.477024,233.450012,27306.15623,0.664453,272.404628,-84.378919,33.777104
13,25.526246,5,1420.855416,172413.6576,65.67084,45.167651,5440.746444,1.34674,126.973313,-84.376199,33.777057
62,121.740303,7,1441.818073,978532.5403,247.367615,218.009857,26160.31867,0.237181,240.323164,-84.378284,33.777184
0,0,1,0,0,0,0,0,2.765439,169.954936,-84.375515,33.77714
45,88.359978,8,1287.452742,857536.1507,193.767862,178.151359,18508.76726,0.456993,201.316192,-84.373946,33.777001
72,141.375911,9,1526.79698,1.3234e+6,302.608522,248.762061,34734.75969,0.123211,267.834064,-84.378898,33.777243
114,223.845213,6,1409.283213,1.5261e+6,354.861106,327.739296,51451.85549,0.278858,376.53575,-84.37487,33.777014
55,107.995567,7,1451.167112,830919.5269,199.813566,181.035462,25079.43608,0.267297,198.281293,-84.373105,33.777278
69,135.4853,4,1518.480584,840109.7271,183.45406,168.336159,33135.68545,0.127227,188.638557,-84.376711,33.777161
20,39.271082,2,1436.89846,280209.7343,58.867331,51.958849,10897.73731,2.038037,226.688716,-84.378267,33.777304
21,41.234735,7,1338.639034,411674.7082,112.231562,96.560438,9446.226169,1.43987,192.378449,-84.374113,33.777132
59,115.84981,5,1409.952394,599876.6863,211.242509,154.818553,24728.14606,1.547725,220.969521,-84.378889,33.77737
61,119.776911,6,1524.762918,1.0288e+6,215.131991,186.295414,30384.48817,0.12789,203.299031,-84.377426,33.777299
51,100.141294,9,1479.542152,620118.0356,225.870524,158.868153,18388.46832,0.373511,174.024103,-84.374991,33.777268
43,84.432902,7,1274.978557,582300.0456,172.301384,151.320767,17379.8782,2.189117,255.810955,-84.375548,33.777287
38,74.615115,6,1516.430971,669961.659,152.147205,140.118536,17783.56905,0.207747,168.474341,-84.376688,33.777285
0,0,3,0,0,0,0,0,2.335648,187.52827,-84.37786,33.777386
39,76.578567,8,1438.556063,585262.3884,170.754151,144.211094,16399.87916,1.166426,207.471287,-84.373111,33.777394
37,72.651537,7,1224.596692,551555.5487,167.382603,142.20147,13636.19571,0.912106,181.996453,-84.374234,33.77731
84,164.938579,5,1343.96276,990833.8524,250.346388,226.586007,35132.57207,0.723,275.242107,-84.375983,33.777262
20,39.271031,5,1311.244388,303107.7007,130.637303,85.000975,8414.142624,2.058664,176.813712,-84.373601,33.777358
0,0,1,0,0,0,0,0,3.266337,231.145811,-84.378263,33.777437
49,96.214203,7,1518.877856,837511.8708,206.42575,186.486955,23454.72111,0.312144,214.64454,-84.376712,33.777411
58,113.886268,6,1348.780923,689423.6262,239.188146,190.429822,20032.5415,1.140351,265.707673,-84.378864,33.777501
0,0,1,0,0,0,0,0,3.31876,18.681674,-84.377251,33.77755
42,82.469335,9,1435.898128,574003.8405,204.350522,156.717743,17661.35697,0.500522,175.81655,-84.375004,33.777403
20,39.271123,10,1333.564515,382244.1896,133.430173,97.646765,7478.857214,1.953643,184.783004,-84.373735,33.777533
78,153.15722,5,1476.774749,908184.5647,243.515278,210.196859,34069.39321,1.061036,280.857685,-84.373141,33.77754
37,72.651535,10,1232.8739,569239.6437,195.188645,159.432507,12413.18479,0.885998,198.646138,-84.375504,33.777426
0,0,1,0,0,0,0,0,4.168266,173.453407,-84.374256,33.777481
0,0,1,0,0,0,0,0,3.62467,177.947255,-84.378244,33.777563
75,147.266693,6,1495.51271,1.0378e+6,270.095781,230.746235,31535.2517,0.570149,275.366442,-84.37886,33.777642
0,0,1,0,0,0,0,0,4.573702,188.906068,-84.377419,33.777573
0,0,1,0,0,0,0,0,2.262719,199.317748,-84.374984,33.777559
134,263.116342,5,1469.525283,1.8976e+6,385.466712,374.46108,64792.71737,0.486799,443.714632,-84.376775,33.777627
0,0,1,0,0,0,0,0,3.079865,27.598613,-84.37453,33.777588
62,121.740473,7,1396.211604,868347.8517,213.520535,194.923886,26207.30617,1.282844,266.595259,-84.373718,33.777685
0,0,1,0,0,0,0,0,4.162287,24.265506,-84.37805,33.777607
58,113.886317,7,1520.150895,907123.8445,205.900998,184.774607,25950.33923,0.073835,203.156989,-84.373128,33.777694
51,100.14133,7,1356.486781,712930.3966,213.781444,166.334621,21275.33377,0.493546,188.432098,-84.378266,33.77772
50,98.177682,5,1316.43124,614651.7421,182.331475,151.560865,19259.75103,1.418518,235.457063,-84.375581,33.777538
48,94.250668,7,1487.133425,890328.8556,226.764623,197.612849,20541.63835,0.349032,229.205569,-84.378845,33.777758
32,62.833764,4,1350.420476,333741.699,136.871543,97.133924,11030.81299,1.387164,157.876111,-84.37499,33.777689
0,0,1,0,0,0,0,0,3.429277,17.496397,-84.378048,33.777646
54,106.031997,7,1324.071995,722033.4245,186.868179,157.938847,24758.28837,1.743759,236.27113,-84.375555,33.777697
52,102.104866,7,1383.305062,866914.3112,227.257637,199.81542,20041.91821,0.4348,239.190452,-84.374279,33.777769
87,170.829298,7,1486.529465,911589.7995,292.974225,231.051687,33684.53529,0.479797,262.611094,-84.37732,33.777708
69,135.485289,5,1413.741551,906331.7727,220.228737,196.683938,29336.73842,0.306604,228.307682,-84.373743,33.777814
38,74.615164,5,1502.080358,505009.0474,151.930192,118.151754,16501.92154,1.092452,179.412964,-84.373104,33.777821
0,0,1,0,0,0,0,0,2.90553,34.7613,-84.37483,33.777643
28,54.979577,10,1566.544908,805078.9454,184.096344,166.575159,14820.41195,0.224597,187.001968,-84.378443,33.775869
72,141.375928,6,1558.213968,1.0245e+6,211.283525,182.404596,34527.1325,0.417821,203.436424,-84.379031,33.775654
34,66.760757,10,1466.870959,574569.4038,206.664759,156.926396,14285.46709,1.227552,197.954968,-84.373103,33.776056
28,54.979593,7,1272.957179,505875.9261,140.176726,130.638745,11276.79429,1.121568,207.744891,-84.37463,33.776434
73,143.339544,13,1550.320586,1.219e+6,440.270056,278.328148,31384.2637,0.304133,305.787298,-84.379083,33.775522
53,104.068384,10,1553.645892,1.0476e+6,274.411,208.991434,27366.97015,0.274642,233.030772,-84.377397,33.777145
105,206.17326,4,1370.89798,1.4679e+6,286.488006,286.254637,52046.26173,0.889465,369.885236,-84.376109,33.777592
0,0,1,0,0,0,0,0,3.007964,222.742044,-84.37742,33.777437
89,174.756349,5,1331.595458,873466.1135,301.116144,235.797945,33495.29294,1.680628,343.919016,-84.374291,33.777618
68,133.521862,6,1444.152728,722221.5371,260.582765,183.275774,27804.12815,0.388478,203.357851,-84.377936,33.776789
6,11.781359,8,1481.719155,336014.3001,88.403779,78.997554,2143.487485,1.507091,173.844799,-84.375767,33.774672
0,0,1,0,0,0,0,0,3.112408,197.274907,-84.375526,33.776994
100,196.355515,4,1403.53376,1.2685e+6,267.889253,254.314248,47060.12119,0.34256,291.919895,-84.377083,33.775587
95,186.537772,15,1506.754357,1.2257e+6,360.111029,304.022954,37081.63796,1.355044,495.187012,-84.373562,33.775901
44,86.396341,7,1459.682886,784954.3839,184.280241,168.091495,19844.44797,0.465721,201.837718,-84.374132,33.776433
0,0,1,0,0,0,0,0,2.248053,32.917381,-84.374423,33.777411
0,0,1,0,0,0,0,0,6.701654,10.5944,-84.373255,33.777457
0,0,1,0,0,0,0,0,4.325593,21.962307,-84.375061,33.774855
85,166.902146,2,1344.584811,769560.0051,161.557052,160.14304,40177.43867,0.503151,198.747627,-84.374665,33.775943
0,0,1,0,0,0,0,0,3.329412,57.667845,-84.376774,33.774819
0,0,1,0,0,0,0,0,1.451563,22.73412,-84.375224,33.774932
0,0,1,0,0,0,0,0,6.017528,16.285756,-84.375677,33.777369
0,0,1,0,0,0,0,0,1.326292,27.897325,-84.374448,33.777725
0,0,1,0,0,0,0,0,4.598433,20.006816,-84.377225,33.775843
0,0,1,0,0,0,0,0,5.620198,42.525196,-84.378272,33.774623
0,0,1,0,0,0,0,0,1.466296,26.597635,-84.376926,33.77706
0,0,1,0,0,0,0,0,2.957842,11.832951,-84.374349,33.777373
0,0,1,0,0,0,0,0,2.9619,57.733214,-84.3771,33.776905
0,0,1,0,0,0,0,0,3.85101,27.525248,-84.374553,33.77779
0,0,2,0,0,0,0,0,1.943568,21.095221,-84.374743,33.777635
0,0,1,0,0,0,0,0,1.779081,15.176378,-84.37672,33.775805
0,0,1,0,0,0,0,0,0.181504,33.057067,-84.37824,33.775083
6,11.781314,3,1380.249674,135883.7615,27.079516,26.343546,3022.650751,0.073072,41.055303,-84.377157,33.776772
0,0,2,0,0,0,0,0,3.912771,61.337601,-84.373336,33.776968
7,13.744882,3,1013.596659,91818.17613,32.276119,29.633389,2089.559947,0.726978,53.64676,-84.37405,33.774974
0,0,1,0,0,0,0,0,5.757511,36.300411,-84.37713,33.77493
0,0,1,0,0,0,0,0,2.646472,23.049558,-84.378086,33.775931
0,0,1,0,0,0,0,0,1.562007,10.24323,-84.373353,33.77776
14,27.489882,4,1157.022675,141549.916,124.9101,49.976278,4145.797185,1.723035,80.671591,-84.37399,33.776784
65,127.631056,3,1383.067972,966992.8142,224.075746,207.814692,29102.93709,0.385036,231.147133,-84.376215,33.77727
0,0,1,0,0,0,0,0,3.996146,29.778694,-84.374835,33.77745
0,0,1,0,0,0,0,0,5.422683,17.334593,-84.374199,33.776928
0,0,1,0,0,0,0,0,1.899306,32.64351,-84.375495,33.776612
24,47.125369,3,1246.381894,335548.5611,73.042166,72.841726,10462.62563,1.090059,105.498921,-84.375092,33.776545
4,7.854225,4,864.590469,62433.87236,37.015604,25.951887,997.480903,2.213434,59.184063,-84.378086,33.777038
0,0,1,0,0,0,0,0,0.380649,34.152208,-84.376235,33.776644
0,0,1,0,0,0,0,0,4.318334,20.841373,-84.374831,33.777498
0,0,1,0,0,0,0,0,3.43918,36.927412,-84.373303,33.776332
0,0,1,0,0,0,0,0,4.490296,13.807552,-84.373377,33.775785
0,0,1,0,0,0,0,0,1.731171,25.416322,-84.373133,33.776797
0,0,1,0,0,0,0,0,1.551838,30.931073,-84.373907,33.776585
0,0,1,0,0,0,0,0,5.238993,15.651862,-84.375818,33.777326
0,0,1,0,0,0,0,0,3.491514,18.043749,-84.373321,33.777273
0,0,1,0,0,0,0,0,2.727062,17.601361,-84.377016,33.777239
0,0,1,0,0,0,0,0,5.496298,13.281667,-84.374178,33.776873
0,0,1,0,0,0,0,0,4.010486,30.669603,-84.378256,33.774946
0,0,1,0,0,0,0,0,4.856612,19.972773,-84.374452,33.775724
0,0,1,0,0,0,0,0,3.141841,24.189638,-84.376935,33.777336
0,0,1,0,0,0,0,0,0.704585,35.481874,-84.376661,33.775799
0,0,1,0,0,0,0,0,3.417691,44.767068,-84.374409,33.776642
0,0,1,0,0,0,0,0,2.561122,23.817689,-84.374281,33.774956
0,0,1,0,0,0,0,0,2.695212,39.700037,-84.378232,33.775142
0,0,1,0,0,0,0,0,4.706776,67.13725,-84.375396,33.775797
0,0,1,0,0,0,0,0,4.578761,37.783144,-84.373577,33.776625
12,23.562603,2,1406.409815,183237.7833,37.77971,34.077142,5849.130772,0.304336,46.001849,-84.37808,33.77615
0,0,1,0,0,0,0,0,1.29255,36.362238,-84.373333,33.77668
0,0,1,0,0,0,0,0,4.294737,34.46078,-84.37338,33.777442
8,15.708455,3,1409.21347,187480.5732,48.041994,42.206087,3567.586856,0.345725,54.957016,-84.37615,33.776627
0,0,1,0,0,0,0,0,2.748576,11.278566,-84.374213,33.77583
0,0,1,0,0,0,0,0,4.982477,24.285109,-84.373447,33.776693
0,0,1,0,0,0,0,0,4.037301,12.136822,-84.373364,33.777632
55,107.995616,9,1401.835819,773467.6894,251.839529,186.82242,23432.12435,0.492992,237.32643,-84.378301,33.777061
0,0,1,0,0,0,0,0,4.376299,67.637067,-84.376822,33.776634
39,76.578619,4,1431.213728,513057.7721,118.491906,106.298994,15928.96443,0.356489,123.425998,-84.373673,33.775993
45,88.359933,8,1437.586024,751203.024,210.981239,172.928745,18784.63048,0.414797,202.508692,-84.376176,33.775555
32,62.833938,8,1547.391017,669345.2771,161.985423,137.788308,17331.59517,0.897156,202.863339,-84.378492,33.775207
38,74.615052,8,1278.836561,676039.575,186.300097,164.054724,14716.15067,1.44443,224.309974,-84.375775,33.77512
0,0,1,0,0,0,0,0,3.949249,51.908597,-84.380665,33.77576
9,17.671937,4,1226.684215,201144.8653,72.953164,38.003513,3777.033673,1.89842,100.083248,-84.380654,33.777009
0,0,2,0,0,0,0,0,4.735925,75.170103,-84.38052,33.777226
0,0,1,0,0,0,0,0,2.807601,65.180212,-84.380502,33.777354
0,0,2,0,0,0,0,0,1.410819,87.183425,-84.380682,33.776791
29,56.943127,4,1351.854039,417669.3364,114.872864,85.860053,10940.4518,0.349392,100.173966,-84.379182,33.776849
0,0,1,0,0,0,0,0,2.187008,92.820856,-84.379235,33.776127
46,90.323364,5,1530.754186,773300.8332,180.885268,165.375224,21065.06721,0.646004,210.525012,-84.379143,33.774697
46,90.323473,5,1335.429579,793988.1682,190.263347,181.315502,20764.65047,1.512659,265.757249,-84.37971,33.774735
0,0,1,0,0,0,0,0,2.491503,66.626458,-84.379348,33.774874
130,255.262134,7,1570.641784,2.1272e+6,378.43616,359.210632,64817.72164,0.37709,397.783213,-84.380488,33.774932
0,0,1,0,0,0,0,0,4.074691,7.117104,-84.379466,33.774867
18,35.344024,5,1437.06076,266713.59,80.907843,72.095271,7267.076088,1.845924,160.353336,-84.379108,33.774963
61,119.776848,6,1404.134608,768985.644,253.097049,194.700267,26188.29806,1.47642,361.008375,-84.379625,33.77504
64,125.6674,10,1568.658294,1.2458e+6,263.265657,201.096551,28708.12168,0.346802,224.912185,-84.380365,33.775114
23,45.161699,8,1291.974904,325311.139,114.164388,98.871235,7222.629472,2.03052,184.189282,-84.379095,33.775097
61,119.776885,6,1525.354576,656317.4875,232.225048,190.534307,26452.76459,1.122195,289.61089,-84.379677,33.775195
77,151.193206,10,1484.727759,1.3153e+6,354.903418,223.541989,35347.29743,0.910661,270.133387,-84.380331,33.775281
90,176.719917,8,1373.163229,906472.1057,291.963875,239.248843,33429.9772,0.472236,275.285873,-84.379105,33.775239
41,80.505801,5,1295.273071,429293.2004,157.390853,123.190955,16759.47614,0.960621,168.640928,-84.379634,33.775327
67,131.558196,6,1517.386143,1.1089e+6,215.056074,182.398768,30480.65331,0.243901,196.80127,-84.38031,33.775409
54,106.03197,12,1522.349206,817922.0246,321.146798,202.378234,23183.32159,0.47427,259.345689,-84.379075,33.775378
36,70.688032,9,1492.274689,513712.1975,274.924128,165.979282,16463.94065,1.092517,276.425981,-84.379674,33.775524
64,125.667436,3,1447.376759,1.1861e+6,205.158176,195.824921,28992.57032,0.738739,236.890151,-84.380345,33.775556
0,0,2,0,0,0,0,0,0.178053,33.69785,-84.379301,33.775695
39,76.578783,6,1413.813716,575625.2119,173.743872,155.95868,16657.29751,0.93166,197.496964,-84.379644,33.775693
53,104.068478,7,1456.921639,766878.3836,244.938805,215.371925,21881.09942,0.732002,259.562288,-84.379619,33.775967
0,0,1,0,0,0,0,0,4.140221,157.721035,-84.380269,33.776016
58,113.886358,8,1498.150788,747108.3322,211.659696,183.118418,24171.85097,0.32931,224.712125,-84.379563,33.776075
81,159.04792,9,1295.965004,1.0807e+6,295.394988,250.765107,29669.43782,1.423327,335.832799,-84.380211,33.776183
13,25.526227,6,1448.675728,281060.1111,108.552207,71.706927,5886.070918,1.954669,176.50044,-84.379602,33.776225
93,182.61059,3,1373.218077,1.0286e+6,245.878171,222.887061,36074.33005,0.319747,240.815234,-84.380233,33.776327
21,41.234672,7,1322.701755,333840.8362,110.479981,98.601242,7477.227939,1.988149,193.647411,-84.379572,33.776364
25,49.089008,6,1234.85104,310246.9917,117.849654,82.155988,9051.859021,2.169046,238.353642,-84.380213,33.776502
37,72.651597,7,1443.586326,596937.767,174.237575,148.299678,15808.50762,0.913558,200.315662,-84.379574,33.776512
22,43.198209,4,1377.198948,552228.3332,194.767253,148.307136,10039.12835,0.524607,196.33734,-84.379535,33.776665
22,43.19794,5,1146.866811,278275.7079,97.187082,83.172016,8083.137223,3.598172,124.229748,-84.380171,33.776655
49,96.214183,9,1473.731972,643164.0946,247.174332,170.201267,21267.21619,0.445268,213.35452,-84.379527,33.776749
0,0,2,0,0,0,0,0,6.248402,62.896081,-84.380509,33.776793
0,0,1,0,0,0,0,0,2.871383,70.001113,-84.379281,33.776886
37,72.651504,5,1130.585858,461299.9001,168.05706,131.075853,13544.7523,1.696605,188.61194,-84.380165,33.776785
18,35.34402,7,1348.786408,366763.4594,116.999563,102.021112,6752.130464,1.263215,183.658299,-84.379513,33.777158
36,70.688066,7,1307.726497,587093.2566,155.057922,138.492852,14489.90744,1.152471,207.380403,-84.380155,33.777172
61,119.777044,9,1282.031468,767814.8911,244.304516,217.717266,23116.03292,1.228283,282.508145,-84.379477,33.777303
49,96.214046,5,1377.444689,681903.733,162.180181,141.950276,23229.48367,0.278501,186.713856,-84.380115,33.777332
7,13.744869,3,982.895833,118568.3321,32.065151,28.656587,2106.188846,2.516768,67.149626,-84.379235,33.777441
49,96.214091,5,1489.255915,652719.6424,207.267073,158.53747,22075.70719,0.409842,185.437209,-84.380118,33.777508
45,88.359928,4,1500.016727,521942.6875,151.444863,127.371659,20299.41202,0.788114,159.875419,-84.37949,33.777596
37,72.651598,8,1536.158217,559027.7195,189.12554,124.488824,18491.78917,0.347866,152.357319,-84.380091,33.777669
51,100.141236,10,1439.023117,840164.3853,207.361632,190.094303,21952.35602,1.250553,285.473624,-84.37945,33.777749
138,270.970526,7,1529.609663,2.0167e+6,429.805588,391.92761,67730.72869,0.115485,424.296163,-84.380186,33.777808
28,54.979525,8,1406.378658,533321.8195,146.398332,131.205678,11671.48952,0.734556,164.725377,-84.37924,33.776002
20,39.271056,5,1238.273503,333644.251,112.8492,93.538049,7748.030668,2.768869,239.447938,-84.380167,33.776938
60,117.813287,9,1500.686449,954852.374,255.993619,220.339304,28850.68102,0.257929,252.007794,-84.379716,33.774895
0,0,1,0,0,0,0,0,5.12194,32.409594,-84.379351,33.775082
0,0,1,0,0,0,0,0,3.490322,59.306855,-84.379071,33.777787
0,0,1,0,0,0,0,0,1.289475,45.755053,-84.380446,33.777698
0,0,1,0,0,0,0,0,3.774767,59.606332,-84.37926,33.777609
0,0,1,0,0,0,0,0,5.174167,28.603637,-84.379126,33.777467
0,0,1,0,0,0,0,0,1.972073,94.824087,-84.38037,33.777309
0,0,1,0,0,0,0,0,2.540009,52.362013,-84.380529,33.776481
0,0,1,0,0,0,0,0,6.135081,9.616824,-84.379159,33.777306
13,25.526235,4,1551.68036,365407.3184,65.116657,58.053422,6528.837695,0.119974,66.680846,-84.380486,33.777506
0,0,1,0,0,0,0,0,2.340535,11.963077,-84.380283,33.777735
0,0,1,0,0,0,0,0,3.211665,35.184242,-84.379526,33.774772
0,0,1,0,0,0,0,0,5.390605,17.623254,-84.380556,33.775395
0,0,1,0,0,0,0,0,4.632115,31.519081,-84.379142,33.777345
59,115.849814,5,1358.089429,974397.5051,218.858364,182.466326,24739.58809,0.712236,223.240543,-84.380324,33.775734
0,0,1,0,0,0,0,0,3.222925,21.719402,-84.379178,33.776184
102,200.282586,4,1476.556664,1.236e+6,301.823904,260.754416,48840.57978,0.717799,337.141757,-84.379466,33.777432
3,5.890667,2,1081.660055,89017.70572,35.457585,28.164928,851.23926,1.740394,42.519108,-84.379171,33.777107
0,0,2,0,0,0,0,0,2.631174,58.529013,-84.379242,33.776274
0,0,3,0,0,0,0,0,3.667771,75.250069,-84.380479,33.776714
0,0,1,0,0,0,0,0,2.259517,56.206702,-84.379404,33.774687
73,143.339539,8,1533.446016,1.0636e+6,262.743752,235.088153,34566.86573,0.328551,270.886632,-84.379548,33.776901
0,0,1,0,0,0,0,0,0.688298,24.698606,-84.379154,33.7772
0,0,1,0,0,0,0,0,2.493642,23.259155,-84.379382,33.775717
0,0,1,0,0,0,0,0,0.489696,63.304547,-84.380681,33.776609
0,0,1,0,0,0,0,0,3.760035,36.169879,-84.379291,33.775627
0,0,1,0,0,0,0,0,5.20725,37.063707,-84.379337,33.77521
0,0,3,0,0,0,0,0,2.23494,97.541783,-84.380666,33.775276
42,82.469251,5,1491.753962,643180.4113,143.258065,133.269366,20409.45371,0.212437,192.998589,-84.37911,33.774816
9,17.672049,5,1419.100075,189317.8478,54.987068,50.126757,3964.438953,1.114235,83.46535,-84.379377,33.775951
0,0,1,0,0,0,0,0,5.322848,133.762983,-84.380528,33.776972
12,23.562601,2,1357.273665,177801.64,51.907371,45.503819,5081.247385,0.204652,53.749827,-84.379329,33.776458
56,109.959022,4,1389.9992,502424.6646,124.790799,123.437027,24900.02725,0.485362,195.730038,-84.380376,33.781272
157,308.278018,3,1326.194635,1.6976e+6,348.812671,338.078784,70354.72813,8.792692,390.976618,-84.375092,33.775919
